ID	Label
ID	A rdfs:label
MRO:genetic-entity	genetic entity
MRO:mhc-locus	MHC locus
MRO:mhc-haplotype	MHC haplotype
MRO:serotype	serotype
MRO:mhc-serotype	MHC serotype
MRO:t-cell-epitope-dependent-biological-activity-assay	T cell epitope dependent biological activity assay
MRO:mhc-ligand-assay	MHC ligand assay
MRO:mhc-protein-complex-with-haplotype	MHC protein complex with haplotype
MRO:mhc-protein-complex-with-serotype	MHC protein complex with serotype
MRO:mutant-mhc-protein-complex	mutant MHC protein complex
MRO:bf-b-locus	BF-B locus
MRO:bf-bf1-locus	BF-BF1 locus
MRO:bf-bf2-locus	BF-BF2 locus
MRO:bf-yf-locus	BF-YF locus
MRO:bola-1-locus	BoLA-1 locus
MRO:bola-2-locus	BoLA-2 locus
MRO:bola-3-locus	BoLA-3 locus
MRO:bola-6-locus	BoLA-6 locus
MRO:bola-cd1-locus	BoLA-CD1 locus
MRO:bola-dqa-locus	BoLA-DQA locus
MRO:bola-dqb-locus	BoLA-DQB locus
MRO:bola-dra-locus	BoLA-DRA locus
MRO:bola-drb-locus	BoLA-DRB locus
MRO:bola-drb3-locus	BoLA-DRB3 locus
MRO:bola-drb6-locus	BoLA-DRB6 locus
MRO:bola-mr1-locus	BoLA-MR1 locus
MRO:caja-e-locus	Caja-E locus
MRO:caja-g-locus	Caja-G locus
MRO:dla-88-locus	DLA-88 locus
MRO:ela-n-locus	ELA-N locus
MRO:gogo-b-locus	Gogo-B locus
MRO:h-2-cd1-locus	H-2-CD1 locus
MRO:h-2-d-locus	H-2-D locus
MRO:h-2-ia-alpha-locus	H-2-IA alpha locus
MRO:h-2-ia-beta-locus	H-2-IA beta locus
MRO:h-2-ie-alpha-locus	H-2-IE alpha locus
MRO:h-2-ie-beta-locus	H-2-IE beta locus
MRO:h-2-k-locus	H-2-K locus
MRO:h-2-l-locus	H-2-L locus
MRO:h-2-m-locus	H-2-M locus
MRO:h-2-mr1-locus	H-2-MR1 locus
MRO:h-2-q-locus	H-2-Q locus
MRO:hla-a-locus	HLA-A locus
MRO:hla-b-locus	HLA-B locus
MRO:hla-btn3a-locus	HLA-BTN3A locus
MRO:hla-c-locus	HLA-C locus
MRO:hla-cd1-locus	HLA-CD1 locus
MRO:hla-dpa-locus	HLA-DPA locus
MRO:hla-dpb-locus	HLA-DPB locus
MRO:hla-dqa-locus	HLA-DQA locus
MRO:hla-dqb-locus	HLA-DQB locus
MRO:hla-dra-locus	HLA-DRA locus
MRO:hla-drb-locus	HLA-DRB locus
MRO:hla-drb1-locus	HLA-DRB1 locus
MRO:hla-drb3-locus	HLA-DRB3 locus
MRO:hla-drb4-locus	HLA-DRB4 locus
MRO:hla-drb5-locus	HLA-DRB5 locus
MRO:hla-e-locus	HLA-E locus
MRO:hla-g-locus	HLA-G locus
MRO:hla-mr1-locus	HLA-MR1 locus
MRO:mhc-class-i-locus	MHC class I locus
MRO:mhc-class-ii-locus	MHC class II locus
MRO:mamu-a-locus	Mamu-A locus
MRO:mamu-b-locus	Mamu-B locus
MRO:mamu-dpa-locus	Mamu-DPA locus
MRO:mamu-dpb-locus	Mamu-DPB locus
MRO:mamu-dra-locus	Mamu-DRA locus
MRO:mamu-drb-locus	Mamu-DRB locus
MRO:papa-a-locus	Papa-A locus
MRO:patr-a-locus	Patr-A locus
MRO:patr-al-locus	Patr-AL locus
MRO:patr-b-locus	Patr-B locus
MRO:patr-c-locus	Patr-C locus
MRO:patr-dpa-locus	Patr-DPA locus
MRO:patr-dpb-locus	Patr-DPB locus
MRO:patr-dqa-locus	Patr-DQA locus
MRO:patr-dqb-locus	Patr-DQB locus
MRO:patr-dra-locus	Patr-DRA locus
MRO:patr-drb-locus	Patr-DRB locus
MRO:rt1-a-locus	RT1-A locus
MRO:rt1-a1-locus	RT1-A1 locus
MRO:rt1-a2-locus	RT1-A2 locus
MRO:rt1-b-locus	RT1-B locus
MRO:rt1-d-locus	RT1-D locus
MRO:sla-1-locus	SLA-1 locus
MRO:sla-2-locus	SLA-2 locus
MRO:saoe-g-locus	Saoe-G locus
MRO:bonobo-mhc-class-i-locus	bonobo MHC class I locus
MRO:bonobo-mhc-class-ii-locus	bonobo MHC class II locus
MRO:cattle-mhc-class-i-locus	cattle MHC class I locus
MRO:cattle-mhc-class-ii-locus	cattle MHC class II locus
MRO:cattle-non-classical-mhc-locus	cattle non-classical MHC locus
MRO:chicken-mhc-class-i-locus	chicken MHC class I locus
MRO:chicken-mhc-class-ii-locus	chicken MHC class II locus
MRO:chicken-non-classical-mhc-locus	chicken non-classical MHC locus
MRO:chimpanzee-mhc-class-i-locus	chimpanzee MHC class I locus
MRO:chimpanzee-mhc-class-ii-locus	chimpanzee MHC class II locus
MRO:chimpanzee-non-classical-mhc-locus	chimpanzee non-classical MHC locus
MRO:cotton-top-tamarin-mhc-class-i-locus	cotton-top tamarin MHC class I locus
MRO:cotton-top-tamarin-mhc-class-ii-locus	cotton-top tamarin MHC class II locus
MRO:dog-mhc-class-i-locus	dog MHC class I locus
MRO:dog-mhc-class-ii-locus	dog MHC class II locus
MRO:gorilla-mhc-class-i-locus	gorilla MHC class I locus
MRO:gorilla-mhc-class-ii-locus	gorilla MHC class II locus
MRO:horse-mhc-class-i-locus	horse MHC class I locus
MRO:horse-mhc-class-ii-locus	horse MHC class II locus
MRO:human-mhc-class-i-locus	human MHC class I locus
MRO:human-mhc-class-ii-locus	human MHC class II locus
MRO:human-non-classical-mhc-locus	human non-classical MHC locus
MRO:marmoset-mhc-class-i-locus	marmoset MHC class I locus
MRO:mouse-mhc-class-i-locus	mouse MHC class I locus
MRO:mouse-mhc-class-ii-locus	mouse MHC class II locus
MRO:mouse-non-classical-mhc-locus	mouse non-classical MHC locus
MRO:non-classical-mhc-locus	non-classical MHC locus
MRO:pig-mhc-class-i-locus	pig MHC class I locus
MRO:pig-mhc-class-ii-locus	pig MHC class II locus
MRO:rat-mhc-class-i-locus	rat MHC class I locus
MRO:rat-mhc-class-ii-locus	rat MHC class II locus
MRO:rhesus-macaque-mhc-class-i-locus	rhesus macaque MHC class I locus
MRO:rhesus-macaque-mhc-class-ii-locus	rhesus macaque MHC class II locus
MRO:sheep-mhc-class-i-locus	sheep MHC class I locus
MRO:sheep-mhc-class-ii-locus	sheep MHC class II locus
MRO:a1-haplotype	A1 haplotype
MRO:a3-haplotype	A3 haplotype
MRO:a4-haplotype	A4 haplotype
MRO:a5-haplotype	A5 haplotype
MRO:a6-haplotype	A6 haplotype
MRO:a7-haplotype	A7 haplotype
MRO:a8-haplotype	A8 haplotype
MRO:a9-haplotype	A9 haplotype
MRO:b12-haplotype	B12 haplotype
MRO:b14-haplotype	B14 haplotype
MRO:b15-haplotype	B15 haplotype
MRO:b19-haplotype	B19 haplotype
MRO:b2-haplotype	B2 haplotype
MRO:b21-haplotype	B21 haplotype
MRO:b4-haplotype	B4 haplotype
MRO:bf19-haplotype	BF19 haplotype
MRO:bf21-haplotype	BF21 haplotype
MRO:dh22b-haplotype	DH22B haplotype
MRO:dh7a-haplotype	DH7A haplotype
MRO:dh8a-haplotype	DH8A haplotype
MRO:h-2-a-haplotype	H-2-a haplotype
MRO:h-2-b-haplotype	H-2-b haplotype
MRO:h-2-d-haplotype	H-2-d haplotype
MRO:h-2-f-haplotype	H-2-f haplotype
MRO:h-2-g7-haplotype	H-2-g7 haplotype
MRO:h-2-i-haplotype	H-2-i haplotype
MRO:h-2-i3-haplotype	H-2-i3 haplotype
MRO:h-2-k-haplotype	H-2-k haplotype
MRO:h-2-p-haplotype	H-2-p haplotype
MRO:h-2-q-haplotype	H-2-q haplotype
MRO:h-2-r-haplotype	H-2-r haplotype
MRO:h-2-s-haplotype	H-2-s haplotype
MRO:h-2-u-haplotype	H-2-u haplotype
MRO:h-2-v-haplotype	H-2-v haplotype
MRO:h-2-wm-haplotype	H-2-wm haplotype
MRO:h-2-z-haplotype	H-2-z haplotype
MRO:h-2-z-d-haplotype	H-2-z/d haplotype
MRO:rt1-a-haplotype	RT1-a haplotype
MRO:rt1-av1-haplotype	RT1-av1 haplotype
MRO:rt1-k-haplotype	RT1-k haplotype
MRO:rt1-n-haplotype	RT1-n haplotype
MRO:rt1-u-haplotype	RT1-u haplotype
MRO:rt11-haplotype	RT11 haplotype
MRO:rt11v1-haplotype	RT11v1 haplotype
MRO:rt1a-haplotype	RT1A haplotype
MRO:rt1b1-haplotype	RT1B1 haplotype
MRO:w11-haplotype	W11 haplotype
MRO:yf1-haplotype	YF1 haplotype
MRO:cattle-haplotype	cattle haplotype
MRO:chicken-haplotype	chicken haplotype
MRO:horse-haplotype	horse haplotype
MRO:mouse-haplotype	mouse haplotype
MRO:pig-haplotype	pig haplotype
MRO:rat-haplotype	rat haplotype
MRO:z-haplotype	z haplotype
MRO:bola-a10-serotype	BoLA-A10 serotype
MRO:bola-a11-serotype	BoLA-A11 serotype
MRO:bola-a14-serotype	BoLA-A14 serotype
MRO:bola-a18-serotype	BoLA-A18 serotype
MRO:bola-a31-serotype	BoLA-A31 serotype
MRO:hla-a-serotype	HLA-A serotype
MRO:hla-a1-serotype	HLA-A1 serotype
MRO:hla-a11-serotype	HLA-A11 serotype
MRO:hla-a2-serotype	HLA-A2 serotype
MRO:hla-a203-serotype	HLA-A203 serotype
MRO:hla-a23-serotype	HLA-A23 serotype
MRO:hla-a24-serotype	HLA-A24 serotype
MRO:hla-a2403-serotype	HLA-A2403 serotype
MRO:hla-a25-serotype	HLA-A25 serotype
MRO:hla-a26-serotype	HLA-A26 serotype
MRO:hla-a28-serotype	HLA-A28 serotype
MRO:hla-a29-serotype	HLA-A29 serotype
MRO:hla-a3-serotype	HLA-A3 serotype
MRO:hla-a30-serotype	HLA-A30 serotype
MRO:hla-a31-serotype	HLA-A31 serotype
MRO:hla-a32-serotype	HLA-A32 serotype
MRO:hla-a33-serotype	HLA-A33 serotype
MRO:hla-a34-serotype	HLA-A34 serotype
MRO:hla-a66-serotype	HLA-A66 serotype
MRO:hla-a68-serotype	HLA-A68 serotype
MRO:hla-a69-serotype	HLA-A69 serotype
MRO:hla-a74-serotype	HLA-A74 serotype
MRO:hla-a80-serotype	HLA-A80 serotype
MRO:hla-b-serotype	HLA-B serotype
MRO:hla-b12-serotype	HLA-B12 serotype
MRO:hla-b13-serotype	HLA-B13 serotype
MRO:hla-b14-serotype	HLA-B14 serotype
MRO:hla-b15-serotype	HLA-B15 serotype
MRO:hla-b16-serotype	HLA-B16 serotype
MRO:hla-b17-serotype	HLA-B17 serotype
MRO:hla-b18-serotype	HLA-B18 serotype
MRO:hla-b27-serotype	HLA-B27 serotype
MRO:hla-b35-serotype	HLA-B35 serotype
MRO:hla-b37-serotype	HLA-B37 serotype
MRO:hla-b38-serotype	HLA-B38 serotype
MRO:hla-b39-serotype	HLA-B39 serotype
MRO:hla-b3901-serotype	HLA-B3901 serotype
MRO:hla-b40-serotype	HLA-B40 serotype
MRO:hla-b41-serotype	HLA-B41 serotype
MRO:hla-b42-serotype	HLA-B42 serotype
MRO:hla-b44-serotype	HLA-B44 serotype
MRO:hla-b45-serotype	HLA-B45 serotype
MRO:hla-b46-serotype	HLA-B46 serotype
MRO:hla-b47-serotype	HLA-B47 serotype
MRO:hla-b48-serotype	HLA-B48 serotype
MRO:hla-b49-serotype	HLA-B49 serotype
MRO:hla-b50-serotype	HLA-B50 serotype
MRO:hla-b51-serotype	HLA-B51 serotype
MRO:hla-b5102-serotype	HLA-B5102 serotype
MRO:hla-b52-serotype	HLA-B52 serotype
MRO:hla-b53-serotype	HLA-B53 serotype
MRO:hla-b54-serotype	HLA-B54 serotype
MRO:hla-b55-serotype	HLA-B55 serotype
MRO:hla-b56-serotype	HLA-B56 serotype
MRO:hla-b57-serotype	HLA-B57 serotype
MRO:hla-b58-serotype	HLA-B58 serotype
MRO:hla-b60-serotype	HLA-B60 serotype
MRO:hla-b61-serotype	HLA-B61 serotype
MRO:hla-b62-serotype	HLA-B62 serotype
MRO:hla-b63-serotype	HLA-B63 serotype
MRO:hla-b65-serotype	HLA-B65 serotype
MRO:hla-b7-serotype	HLA-B7 serotype
MRO:hla-b70-serotype	HLA-B70 serotype
MRO:hla-b71-serotype	HLA-B71 serotype
MRO:hla-b73-serotype	HLA-B73 serotype
MRO:hla-b75-serotype	HLA-B75 serotype
MRO:hla-b77-serotype	HLA-B77 serotype
MRO:hla-b8-serotype	HLA-B8 serotype
MRO:hla-b81-serotype	HLA-B81 serotype
MRO:hla-bw4-serotype	HLA-Bw4 serotype
MRO:hla-c-serotype	HLA-C serotype
MRO:hla-cw1-serotype	HLA-Cw1 serotype
MRO:hla-cw10-serotype	HLA-Cw10 serotype
MRO:hla-cw12-serotype	HLA-Cw12 serotype
MRO:hla-cw15-serotype	HLA-Cw15 serotype
MRO:hla-cw16-serotype	HLA-Cw16 serotype
MRO:hla-cw2-serotype	HLA-Cw2 serotype
MRO:hla-cw3-serotype	HLA-Cw3 serotype
MRO:hla-cw4-serotype	HLA-Cw4 serotype
MRO:hla-cw5-serotype	HLA-Cw5 serotype
MRO:hla-cw6-serotype	HLA-Cw6 serotype
MRO:hla-cw7-serotype	HLA-Cw7 serotype
MRO:hla-cw8-serotype	HLA-Cw8 serotype
MRO:hla-cw9-serotype	HLA-Cw9 serotype
MRO:hla-dp-serotype	HLA-DP serotype
MRO:hla-dp1-serotype	HLA-DP1 serotype
MRO:hla-dp4-serotype	HLA-DP4 serotype
MRO:hla-dp5-serotype	HLA-DP5 serotype
MRO:hla-dp9-serotype	HLA-DP9 serotype
MRO:hla-dpw1-serotype	HLA-DPw1 serotype
MRO:hla-dpw2-serotype	HLA-DPw2 serotype
MRO:hla-dpw3-serotype	HLA-DPw3 serotype
MRO:hla-dpw4-serotype	HLA-DPw4 serotype
MRO:hla-dpw5-serotype	HLA-DPw5 serotype
MRO:hla-dpw6-serotype	HLA-DPw6 serotype
MRO:hla-dq-serotype	HLA-DQ serotype
MRO:hla-dq1-serotype	HLA-DQ1 serotype
MRO:hla-dq2-serotype	HLA-DQ2 serotype
MRO:hla-dq2.3-serotype	HLA-DQ2.3 serotype
MRO:hla-dq3-serotype	HLA-DQ3 serotype
MRO:hla-dq3.33-serotype	HLA-DQ3.33 serotype
MRO:hla-dq3t12-serotype	HLA-DQ3t12 serotype
MRO:hla-dq4-serotype	HLA-DQ4 serotype
MRO:hla-dq5-serotype	HLA-DQ5 serotype
MRO:hla-dq6-serotype	HLA-DQ6 serotype
MRO:hla-dq7-serotype	HLA-DQ7 serotype
MRO:hla-dq8-serotype	HLA-DQ8 serotype
MRO:hla-dq9-serotype	HLA-DQ9 serotype
MRO:hla-dq9.2-serotype	HLA-DQ9.2 serotype
MRO:hla-dr-serotype	HLA-DR serotype
MRO:hla-dr1-serotype	HLA-DR1 serotype
MRO:hla-dr10-serotype	HLA-DR10 serotype
MRO:hla-dr103-serotype	HLA-DR103 serotype
MRO:hla-dr11-serotype	HLA-DR11 serotype
MRO:hla-dr12-serotype	HLA-DR12 serotype
MRO:hla-dr13-serotype	HLA-DR13 serotype
MRO:hla-dr14-serotype	HLA-DR14 serotype
MRO:hla-dr1404-serotype	HLA-DR1404 serotype
MRO:hla-dr15-serotype	HLA-DR15 serotype
MRO:hla-dr16-serotype	HLA-DR16 serotype
MRO:hla-dr17-serotype	HLA-DR17 serotype
MRO:hla-dr18-serotype	HLA-DR18 serotype
MRO:hla-dr2-serotype	HLA-DR2 serotype
MRO:hla-dr3-serotype	HLA-DR3 serotype
MRO:hla-dr4-serotype	HLA-DR4 serotype
MRO:hla-dr5-serotype	HLA-DR5 serotype
MRO:hla-dr51-serotype	HLA-DR51 serotype
MRO:hla-dr52-serotype	HLA-DR52 serotype
MRO:hla-dr53-serotype	HLA-DR53 serotype
MRO:hla-dr6-serotype	HLA-DR6 serotype
MRO:hla-dr7-serotype	HLA-DR7 serotype
MRO:hla-dr8-serotype	HLA-DR8 serotype
MRO:hla-dr9-serotype	HLA-DR9 serotype
MRO:mhc-class-i-serotype	MHC class I serotype
MRO:mhc-class-ii-serotype	MHC class II serotype
MRO:mamu-dr1b-serotype	Mamu-DR1B serotype
MRO:mamu-dr2-serotype	Mamu-DR2 serotype
MRO:mamu-dr3a-serotype	Mamu-DR3A serotype
MRO:mamu-dr4-serotype	Mamu-DR4 serotype
MRO:mamu-dr6-serotype	Mamu-DR6 serotype
MRO:mamu-dr7a-serotype	Mamu-DR7A serotype
MRO:mamu-dr8-serotype	Mamu-DR8 serotype
MRO:patr-dr1-serotype	Patr-DR1 serotype
MRO:patr-dr10-serotype	Patr-DR10 serotype
MRO:patr-dr2-serotype	Patr-DR2 serotype
MRO:patr-dr3-serotype	Patr-DR3 serotype
MRO:patr-dr4-serotype	Patr-DR4 serotype
MRO:patr-dr5-serotype	Patr-DR5 serotype
MRO:patr-dr7-serotype	Patr-DR7 serotype
MRO:patr-dr8-serotype	Patr-DR8 serotype
MRO:patr-dr9-serotype	Patr-DR9 serotype
MRO:cattle-mhc-class-i-serotype	cattle MHC class I serotype
MRO:chimpanzee-mhc-class-ii-serotype	chimpanzee MHC class II serotype
MRO:human-mhc-class-i-serotype	human MHC class I serotype
MRO:human-mhc-class-ii-serotype	human MHC class II serotype
MRO:rhesus-macaque-mhc-class-ii-serotype	rhesus macaque MHC class II serotype
MRO:bf-b-chain	BF-B chain
MRO:bf-bf1-chain	BF-BF1 chain
MRO:bf-bf2-chain	BF-BF2 chain
MRO:bf-yf-chain	BF-YF chain
MRO:bf1*0201-chain	BF1*0201 chain
MRO:bf2*0201-chain	BF2*0201 chain
MRO:bf2*0401-chain	BF2*0401 chain
MRO:bf2*1201-chain	BF2*1201 chain
MRO:bf2*1401-chain	BF2*1401 chain
MRO:bf2*1501-chain	BF2*1501 chain
MRO:bf2*2101-chain	BF2*2101 chain
MRO:bola-1-chain	BoLA-1 chain
MRO:bola-1*02101-chain	BoLA-1*02101 chain
MRO:bola-1*02301-chain	BoLA-1*02301 chain
MRO:bola-2-chain	BoLA-2 chain
MRO:bola-2*01201-chain	BoLA-2*01201 chain
MRO:bola-2*01801-chain	BoLA-2*01801 chain
MRO:bola-2*02201-chain	BoLA-2*02201 chain
MRO:bola-3-chain	BoLA-3 chain
MRO:bola-3*00101-chain	BoLA-3*00101 chain
MRO:bola-3*00201-chain	BoLA-3*00201 chain
MRO:bola-6-chain	BoLA-6 chain
MRO:bola-6*01301-chain	BoLA-6*01301 chain
MRO:bola-6*04101-chain	BoLA-6*04101 chain
MRO:bola-cd1-chain	BoLA-CD1 chain
MRO:bola-dqa-chain	BoLA-DQA chain
MRO:bola-dqa*0202-chain	BoLA-DQA*0202 chain
MRO:bola-dqa*0301-chain	BoLA-DQA*0301 chain
MRO:bola-dqa*10011-chain	BoLA-DQA*10011 chain
MRO:bola-dqa*12011-chain	BoLA-DQA*12011 chain
MRO:bola-dqa*2201-chain	BoLA-DQA*2201 chain
MRO:bola-dqa*2202-chain	BoLA-DQA*2202 chain
MRO:bola-dqa*2206-chain	BoLA-DQA*2206 chain
MRO:bola-dqb-chain	BoLA-DQB chain
MRO:bola-dqb*0402-chain	BoLA-DQB*0402 chain
MRO:bola-dqb*0901-chain	BoLA-DQB*0901 chain
MRO:bola-dqb*10021-chain	BoLA-DQB*10021 chain
MRO:bola-dqb*10051-chain	BoLA-DQB*10051 chain
MRO:bola-dqb*1201-chain	BoLA-DQB*1201 chain
MRO:bola-dqb*1301-chain	BoLA-DQB*1301 chain
MRO:bola-dqb*1402-chain	BoLA-DQB*1402 chain
MRO:bola-dra-chain	BoLA-DRA chain
MRO:bola-drb-chain	BoLA-DRB chain
MRO:bola-drb3-chain	BoLA-DRB3 chain
MRO:bola-drb3*0101-chain	BoLA-DRB3*0101 chain
MRO:bola-drb3*0201-chain	BoLA-DRB3*0201 chain
MRO:bola-drb3*0701-chain	BoLA-DRB3*0701 chain
MRO:bola-drb3*1101-chain	BoLA-DRB3*1101 chain
MRO:bola-drb3*1201-chain	BoLA-DRB3*1201 chain
MRO:bola-drb3*1202-chain	BoLA-DRB3*1202 chain
MRO:bola-drb3*14011-chain	BoLA-DRB3*14011 chain
MRO:bola-drb3*1501-chain	BoLA-DRB3*1501 chain
MRO:bola-drb3*1502-chain	BoLA-DRB3*1502 chain
MRO:bola-drb3*2002-chain	BoLA-DRB3*2002 chain
MRO:bola-drb3*2703-chain	BoLA-DRB3*2703 chain
MRO:bola-drb3*3001-chain	BoLA-DRB3*3001 chain
MRO:bola-drb3*4501-chain	BoLA-DRB3*4501 chain
MRO:bola-drb6-chain	BoLA-DRB6 chain
MRO:bola-mr1-chain	BoLA-MR1 chain
MRO:caja-e-chain	Caja-E chain
MRO:caja-g-chain	Caja-G chain
MRO:dla-88-chain	DLA-88 chain
MRO:dla-88*50801-chain	DLA-88*50801 chain
MRO:ela-n-chain	ELA-N chain
MRO:eqca-n*00602-chain	Eqca-N*00602 chain
MRO:gogo-b-chain	Gogo-B chain
MRO:gogo-b*0101-chain	Gogo-B*0101 chain
MRO:h-2-cd1-chain	H-2-CD1 chain
MRO:h-2-d-chain	H-2-D chain
MRO:h-2-db-chain	H-2-Db chain
MRO:h-2-dd-chain	H-2-Dd chain
MRO:h-2-dk-chain	H-2-Dk chain
MRO:h-2-dr-chain	H-2-Dr chain
MRO:h-2-ds-chain	H-2-Ds chain
MRO:h-2-ia-alpha-chain	H-2-IA alpha chain
MRO:h-2-ia-beta-chain	H-2-IA beta chain
MRO:h-2-iab-alpha-chain	H-2-IAb alpha chain
MRO:h-2-iab-beta-chain	H-2-IAb beta chain
MRO:h-2-iad-alpha-chain	H-2-IAd alpha chain
MRO:h-2-iad-beta-chain	H-2-IAd beta chain
MRO:h-2-iaf-alpha-chain	H-2-IAf alpha chain
MRO:h-2-iaf-beta-chain	H-2-IAf beta chain
MRO:h-2-iag7-alpha-chain	H-2-IAg7 alpha chain
MRO:h-2-iag7-beta-chain	H-2-IAg7 beta chain
MRO:h-2-iak-alpha-chain	H-2-IAk alpha chain
MRO:h-2-iak-beta-chain	H-2-IAk beta chain
MRO:h-2-iap-alpha-chain	H-2-IAp alpha chain
MRO:h-2-iap-beta-chain	H-2-IAp beta chain
MRO:h-2-iaq-alpha-chain	H-2-IAq alpha chain
MRO:h-2-iaq-beta-chain	H-2-IAq beta chain
MRO:h-2-iar-alpha-chain	H-2-IAr alpha chain
MRO:h-2-iar-beta-chain	H-2-IAr beta chain
MRO:h-2-ias-alpha-chain	H-2-IAs alpha chain
MRO:h-2-ias-beta-chain	H-2-IAs beta chain
MRO:h-2-iau-alpha-chain	H-2-IAu alpha chain
MRO:h-2-iau-beta-chain	H-2-IAu beta chain
MRO:h-2-ie-alpha-chain	H-2-IE alpha chain
MRO:h-2-ie-beta-chain	H-2-IE beta chain
MRO:h-2-ieb-alpha-chain	H-2-IEb alpha chain
MRO:h-2-ieb-beta-chain	H-2-IEb beta chain
MRO:h-2-ied-alpha-chain	H-2-IEd alpha chain
MRO:h-2-ied-beta-chain	H-2-IEd beta chain
MRO:h-2-ieg7-alpha-chain	H-2-IEg7 alpha chain
MRO:h-2-ieg7-beta-chain	H-2-IEg7 beta chain
MRO:h-2-iek-alpha-chain	H-2-IEk alpha chain
MRO:h-2-iek-beta-chain	H-2-IEk beta chain
MRO:h-2-iep-alpha-chain	H-2-IEp alpha chain
MRO:h-2-iep-beta-chain	H-2-IEp beta chain
MRO:h-2-ier-alpha-chain	H-2-IEr alpha chain
MRO:h-2-ier-beta-chain	H-2-IEr beta chain
MRO:h-2-ieu-alpha-chain	H-2-IEu alpha chain
MRO:h-2-ieu-beta-chain	H-2-IEu beta chain
MRO:h-2-k-chain	H-2-K chain
MRO:h-2-kb-chain	H-2-Kb chain
MRO:h-2-kd-chain	H-2-Kd chain
MRO:h-2-kk-chain	H-2-Kk chain
MRO:h-2-ks-chain	H-2-Ks chain
MRO:h-2-kwm7-chain	H-2-Kwm7 chain
MRO:h-2-l-chain	H-2-L chain
MRO:h-2-ld-chain	H-2-Ld chain
MRO:h-2-lq-chain	H-2-Lq chain
MRO:h-2-m-chain	H-2-M chain
MRO:h-2-m3-chain	H-2-M3 chain
MRO:h-2-mr1-chain	H-2-MR1 chain
MRO:h-2-q-chain	H-2-Q chain
MRO:h-2-q9-chain	H-2-Q9 chain
MRO:h-2-qa1-chain	H-2-Qa1 chain
MRO:h-2-qa2-chain	H-2-Qa2 chain
MRO:h-2-qa9-chain	H-2-Qa9 chain
MRO:hla-a-chain	HLA-A chain
MRO:hla-a*01:01-chain	HLA-A*01:01 chain
MRO:hla-a*02:01-chain	HLA-A*02:01 chain
MRO:hla-a*02:02-chain	HLA-A*02:02 chain
MRO:hla-a*02:03-chain	HLA-A*02:03 chain
MRO:hla-a*02:04-chain	HLA-A*02:04 chain
MRO:hla-a*02:05-chain	HLA-A*02:05 chain
MRO:hla-a*02:06-chain	HLA-A*02:06 chain
MRO:hla-a*02:07-chain	HLA-A*02:07 chain
MRO:hla-a*02:08-chain	HLA-A*02:08 chain
MRO:hla-a*02:09-chain	HLA-A*02:09 chain
MRO:hla-a*02:10-chain	HLA-A*02:10 chain
MRO:hla-a*02:11-chain	HLA-A*02:11 chain
MRO:hla-a*02:12-chain	HLA-A*02:12 chain
MRO:hla-a*02:13-chain	HLA-A*02:13 chain
MRO:hla-a*02:14-chain	HLA-A*02:14 chain
MRO:hla-a*02:16-chain	HLA-A*02:16 chain
MRO:hla-a*02:17-chain	HLA-A*02:17 chain
MRO:hla-a*02:19-chain	HLA-A*02:19 chain
MRO:hla-a*02:20-chain	HLA-A*02:20 chain
MRO:hla-a*02:50-chain	HLA-A*02:50 chain
MRO:hla-a*03:01-chain	HLA-A*03:01 chain
MRO:hla-a*03:02-chain	HLA-A*03:02 chain
MRO:hla-a*03:19-chain	HLA-A*03:19 chain
MRO:hla-a*11:01-chain	HLA-A*11:01 chain
MRO:hla-a*11:02-chain	HLA-A*11:02 chain
MRO:hla-a*23:01-chain	HLA-A*23:01 chain
MRO:hla-a*24:02-chain	HLA-A*24:02 chain
MRO:hla-a*24:03-chain	HLA-A*24:03 chain
MRO:hla-a*24:06-chain	HLA-A*24:06 chain
MRO:hla-a*24:07-chain	HLA-A*24:07 chain
MRO:hla-a*24:13-chain	HLA-A*24:13 chain
MRO:hla-a*25:01-chain	HLA-A*25:01 chain
MRO:hla-a*26:01-chain	HLA-A*26:01 chain
MRO:hla-a*26:02-chain	HLA-A*26:02 chain
MRO:hla-a*26:03-chain	HLA-A*26:03 chain
MRO:hla-a*29:01-chain	HLA-A*29:01 chain
MRO:hla-a*29:02-chain	HLA-A*29:02 chain
MRO:hla-a*30:01-chain	HLA-A*30:01 chain
MRO:hla-a*30:02-chain	HLA-A*30:02 chain
MRO:hla-a*30:03-chain	HLA-A*30:03 chain
MRO:hla-a*30:04-chain	HLA-A*30:04 chain
MRO:hla-a*31:01-chain	HLA-A*31:01 chain
MRO:hla-a*32:01-chain	HLA-A*32:01 chain
MRO:hla-a*32:05-chain	HLA-A*32:05 chain
MRO:hla-a*32:07-chain	HLA-A*32:07 chain
MRO:hla-a*32:15-chain	HLA-A*32:15 chain
MRO:hla-a*33:01-chain	HLA-A*33:01 chain
MRO:hla-a*33:03-chain	HLA-A*33:03 chain
MRO:hla-a*66:01-chain	HLA-A*66:01 chain
MRO:hla-a*68:01-chain	HLA-A*68:01 chain
MRO:hla-a*68:02-chain	HLA-A*68:02 chain
MRO:hla-a*68:23-chain	HLA-A*68:23 chain
MRO:hla-a*69:01-chain	HLA-A*69:01 chain
MRO:hla-a*74:01-chain	HLA-A*74:01 chain
MRO:hla-a*80:01-chain	HLA-A*80:01 chain
MRO:hla-b-chain	HLA-B chain
MRO:hla-b*07:02-chain	HLA-B*07:02 chain
MRO:hla-b*08:01-chain	HLA-B*08:01 chain
MRO:hla-b*08:02-chain	HLA-B*08:02 chain
MRO:hla-b*08:03-chain	HLA-B*08:03 chain
MRO:hla-b*13:01-chain	HLA-B*13:01 chain
MRO:hla-b*13:02-chain	HLA-B*13:02 chain
MRO:hla-b*14:02-chain	HLA-B*14:02 chain
MRO:hla-b*14:03-chain	HLA-B*14:03 chain
MRO:hla-b*15:01-chain	HLA-B*15:01 chain
MRO:hla-b*15:02-chain	HLA-B*15:02 chain
MRO:hla-b*15:03-chain	HLA-B*15:03 chain
MRO:hla-b*15:08-chain	HLA-B*15:08 chain
MRO:hla-b*15:09-chain	HLA-B*15:09 chain
MRO:hla-b*15:10-chain	HLA-B*15:10 chain
MRO:hla-b*15:13-chain	HLA-B*15:13 chain
MRO:hla-b*15:16-chain	HLA-B*15:16 chain
MRO:hla-b*15:17-chain	HLA-B*15:17 chain
MRO:hla-b*15:25-chain	HLA-B*15:25 chain
MRO:hla-b*15:42-chain	HLA-B*15:42 chain
MRO:hla-b*18:01-chain	HLA-B*18:01 chain
MRO:hla-b*27:01-chain	HLA-B*27:01 chain
MRO:hla-b*27:02-chain	HLA-B*27:02 chain
MRO:hla-b*27:03-chain	HLA-B*27:03 chain
MRO:hla-b*27:04-chain	HLA-B*27:04 chain
MRO:hla-b*27:05-chain	HLA-B*27:05 chain
MRO:hla-b*27:06-chain	HLA-B*27:06 chain
MRO:hla-b*27:07-chain	HLA-B*27:07 chain
MRO:hla-b*27:09-chain	HLA-B*27:09 chain
MRO:hla-b*27:10-chain	HLA-B*27:10 chain
MRO:hla-b*27:20-chain	HLA-B*27:20 chain
MRO:hla-b*35:01-chain	HLA-B*35:01 chain
MRO:hla-b*35:02-chain	HLA-B*35:02 chain
MRO:hla-b*35:03-chain	HLA-B*35:03 chain
MRO:hla-b*35:04-chain	HLA-B*35:04 chain
MRO:hla-b*35:06-chain	HLA-B*35:06 chain
MRO:hla-b*35:08-chain	HLA-B*35:08 chain
MRO:hla-b*35:14-chain	HLA-B*35:14 chain
MRO:hla-b*37:01-chain	HLA-B*37:01 chain
MRO:hla-b*38:01-chain	HLA-B*38:01 chain
MRO:hla-b*38:02-chain	HLA-B*38:02 chain
MRO:hla-b*39:01-chain	HLA-B*39:01 chain
MRO:hla-b*39:05-chain	HLA-B*39:05 chain
MRO:hla-b*39:06-chain	HLA-B*39:06 chain
MRO:hla-b*39:10-chain	HLA-B*39:10 chain
MRO:hla-b*40:01-chain	HLA-B*40:01 chain
MRO:hla-b*40:02-chain	HLA-B*40:02 chain
MRO:hla-b*40:06-chain	HLA-B*40:06 chain
MRO:hla-b*40:13-chain	HLA-B*40:13 chain
MRO:hla-b*41:01-chain	HLA-B*41:01 chain
MRO:hla-b*41:02-chain	HLA-B*41:02 chain
MRO:hla-b*41:03-chain	HLA-B*41:03 chain
MRO:hla-b*41:04-chain	HLA-B*41:04 chain
MRO:hla-b*41:05-chain	HLA-B*41:05 chain
MRO:hla-b*41:06-chain	HLA-B*41:06 chain
MRO:hla-b*42:0-chain	HLA-B*42:0 chain
MRO:hla-b*42:01-chain	HLA-B*42:01 chain
MRO:hla-b*44:01-chain	HLA-B*44:01 chain
MRO:hla-b*44:02-chain	HLA-B*44:02 chain
MRO:hla-b*44:03-chain	HLA-B*44:03 chain
MRO:hla-b*44:05-chain	HLA-B*44:05 chain
MRO:hla-b*44:08-chain	HLA-B*44:08 chain
MRO:hla-b*44:27-chain	HLA-B*44:27 chain
MRO:hla-b*44:28-chain	HLA-B*44:28 chain
MRO:hla-b*45:01-chain	HLA-B*45:01 chain
MRO:hla-b*45:06-chain	HLA-B*45:06 chain
MRO:hla-b*46:01-chain	HLA-B*46:01 chain
MRO:hla-b*48:01-chain	HLA-B*48:01 chain
MRO:hla-b*49:01-chain	HLA-B*49:01 chain
MRO:hla-b*50:01-chain	HLA-B*50:01 chain
MRO:hla-b*51:01-chain	HLA-B*51:01 chain
MRO:hla-b*51:02-chain	HLA-B*51:02 chain
MRO:hla-b*51:03-chain	HLA-B*51:03 chain
MRO:hla-b*52:01-chain	HLA-B*52:01 chain
MRO:hla-b*53:01-chain	HLA-B*53:01 chain
MRO:hla-b*54:01-chain	HLA-B*54:01 chain
MRO:hla-b*55:01-chain	HLA-B*55:01 chain
MRO:hla-b*55:02-chain	HLA-B*55:02 chain
MRO:hla-b*56:01-chain	HLA-B*56:01 chain
MRO:hla-b*57:01-chain	HLA-B*57:01 chain
MRO:hla-b*57:02-chain	HLA-B*57:02 chain
MRO:hla-b*57:03-chain	HLA-B*57:03 chain
MRO:hla-b*58:01-chain	HLA-B*58:01 chain
MRO:hla-b*58:02-chain	HLA-B*58:02 chain
MRO:hla-b*67:01-chain	HLA-B*67:01 chain
MRO:hla-b*73:01-chain	HLA-B*73:01 chain
MRO:hla-b*81:01-chain	HLA-B*81:01 chain
MRO:hla-b*83:01-chain	HLA-B*83:01 chain
MRO:hla-btn3a-chain	HLA-BTN3A chain
MRO:hla-c-chain	HLA-C chain
MRO:hla-c*01:02-chain	HLA-C*01:02 chain
MRO:hla-c*02:02-chain	HLA-C*02:02 chain
MRO:hla-c*03:03-chain	HLA-C*03:03 chain
MRO:hla-c*03:04-chain	HLA-C*03:04 chain
MRO:hla-c*04:01-chain	HLA-C*04:01 chain
MRO:hla-c*05:01-chain	HLA-C*05:01 chain
MRO:hla-c*06:02-chain	HLA-C*06:02 chain
MRO:hla-c*07:01-chain	HLA-C*07:01 chain
MRO:hla-c*07:02-chain	HLA-C*07:02 chain
MRO:hla-c*07:04-chain	HLA-C*07:04 chain
MRO:hla-c*08:01-chain	HLA-C*08:01 chain
MRO:hla-c*08:02-chain	HLA-C*08:02 chain
MRO:hla-c*12:02-chain	HLA-C*12:02 chain
MRO:hla-c*12:03-chain	HLA-C*12:03 chain
MRO:hla-c*14:02-chain	HLA-C*14:02 chain
MRO:hla-c*15:02-chain	HLA-C*15:02 chain
MRO:hla-c*16:01-chain	HLA-C*16:01 chain
MRO:hla-cd1-chain	HLA-CD1 chain
MRO:hla-dpa-chain	HLA-DPA chain
MRO:hla-dpa1*01:03-chain	HLA-DPA1*01:03 chain
MRO:hla-dpa1*02:01-chain	HLA-DPA1*02:01 chain
MRO:hla-dpa1*02:02-chain	HLA-DPA1*02:02 chain
MRO:hla-dpa1*03:01-chain	HLA-DPA1*03:01 chain
MRO:hla-dpb-chain	HLA-DPB chain
MRO:hla-dpb1*01:01-chain	HLA-DPB1*01:01 chain
MRO:hla-dpb1*02:01-chain	HLA-DPB1*02:01 chain
MRO:hla-dpb1*02:12-chain	HLA-DPB1*02:12 chain
MRO:hla-dpb1*03:01-chain	HLA-DPB1*03:01 chain
MRO:hla-dpb1*04:01-chain	HLA-DPB1*04:01 chain
MRO:hla-dpb1*04:02-chain	HLA-DPB1*04:02 chain
MRO:hla-dpb1*05:01-chain	HLA-DPB1*05:01 chain
MRO:hla-dpb1*06:01-chain	HLA-DPB1*06:01 chain
MRO:hla-dpb1*09:01-chain	HLA-DPB1*09:01 chain
MRO:hla-dpb1*11:01-chain	HLA-DPB1*11:01 chain
MRO:hla-dpb1*13:01-chain	HLA-DPB1*13:01 chain
MRO:hla-dpb1*14:01-chain	HLA-DPB1*14:01 chain
MRO:hla-dpb1*16:01-chain	HLA-DPB1*16:01 chain
MRO:hla-dpb1*17:01-chain	HLA-DPB1*17:01 chain
MRO:hla-dpb1*20:01-chain	HLA-DPB1*20:01 chain
MRO:hla-dpb1*23:01-chain	HLA-DPB1*23:01 chain
MRO:hla-dpb1*31:01-chain	HLA-DPB1*31:01 chain
MRO:hla-dpb1*34:01-chain	HLA-DPB1*34:01 chain
MRO:hla-dqa-chain	HLA-DQA chain
MRO:hla-dqa1*01:01-chain	HLA-DQA1*01:01 chain
MRO:hla-dqa1*01:02-chain	HLA-DQA1*01:02 chain
MRO:hla-dqa1*01:03-chain	HLA-DQA1*01:03 chain
MRO:hla-dqa1*01:04-chain	HLA-DQA1*01:04 chain
MRO:hla-dqa1*02:01-chain	HLA-DQA1*02:01 chain
MRO:hla-dqa1*03:01-chain	HLA-DQA1*03:01 chain
MRO:hla-dqa1*03:02-chain	HLA-DQA1*03:02 chain
MRO:hla-dqa1*03:03-chain	HLA-DQA1*03:03 chain
MRO:hla-dqa1*04:01-chain	HLA-DQA1*04:01 chain
MRO:hla-dqa1*05:01-chain	HLA-DQA1*05:01 chain
MRO:hla-dqa1*05:05-chain	HLA-DQA1*05:05 chain
MRO:hla-dqa1*06:01-chain	HLA-DQA1*06:01 chain
MRO:hla-dqb-chain	HLA-DQB chain
MRO:hla-dqb*03:02-chain	HLA-DQB*03:02 chain
MRO:hla-dqb1*02:01-chain	HLA-DQB1*02:01 chain
MRO:hla-dqb1*02:02-chain	HLA-DQB1*02:02 chain
MRO:hla-dqb1*03:01-chain	HLA-DQB1*03:01 chain
MRO:hla-dqb1*03:02-chain	HLA-DQB1*03:02 chain
MRO:hla-dqb1*03:03-chain	HLA-DQB1*03:03 chain
MRO:hla-dqb1*03:04-chain	HLA-DQB1*03:04 chain
MRO:hla-dqb1*03:05-chain	HLA-DQB1*03:05 chain
MRO:hla-dqb1*03:19-chain	HLA-DQB1*03:19 chain
MRO:hla-dqb1*04:01-chain	HLA-DQB1*04:01 chain
MRO:hla-dqb1*04:02-chain	HLA-DQB1*04:02 chain
MRO:hla-dqb1*05:01-chain	HLA-DQB1*05:01 chain
MRO:hla-dqb1*05:02-chain	HLA-DQB1*05:02 chain
MRO:hla-dqb1*05:03-chain	HLA-DQB1*05:03 chain
MRO:hla-dqb1*06:01-chain	HLA-DQB1*06:01 chain
MRO:hla-dqb1*06:02-chain	HLA-DQB1*06:02 chain
MRO:hla-dqb1*06:03-chain	HLA-DQB1*06:03 chain
MRO:hla-dqb1*06:04-chain	HLA-DQB1*06:04 chain
MRO:hla-dqb1*06:05-chain	HLA-DQB1*06:05 chain
MRO:hla-dqb1*06:09-chain	HLA-DQB1*06:09 chain
MRO:hla-dra-chain	HLA-DRA chain
MRO:hla-dra*01:01-chain	HLA-DRA*01:01 chain
MRO:hla-dra*01:02-chain	HLA-DRA*01:02 chain
MRO:hla-drb-chain	HLA-DRB chain
MRO:hla-drb1-chain	HLA-DRB1 chain
MRO:hla-drb1*01:01-chain	HLA-DRB1*01:01 chain
MRO:hla-drb1*01:02-chain	HLA-DRB1*01:02 chain
MRO:hla-drb1*01:03-chain	HLA-DRB1*01:03 chain
MRO:hla-drb1*01:04-chain	HLA-DRB1*01:04 chain
MRO:hla-drb1*01:07-chain	HLA-DRB1*01:07 chain
MRO:hla-drb1*03:01-chain	HLA-DRB1*03:01 chain
MRO:hla-drb1*03:02-chain	HLA-DRB1*03:02 chain
MRO:hla-drb1*03:03-chain	HLA-DRB1*03:03 chain
MRO:hla-drb1*03:04-chain	HLA-DRB1*03:04 chain
MRO:hla-drb1*03:05-chain	HLA-DRB1*03:05 chain
MRO:hla-drb1*03:11-chain	HLA-DRB1*03:11 chain
MRO:hla-drb1*04:01-chain	HLA-DRB1*04:01 chain
MRO:hla-drb1*04:02-chain	HLA-DRB1*04:02 chain
MRO:hla-drb1*04:03-chain	HLA-DRB1*04:03 chain
MRO:hla-drb1*04:04-chain	HLA-DRB1*04:04 chain
MRO:hla-drb1*04:05-chain	HLA-DRB1*04:05 chain
MRO:hla-drb1*04:06-chain	HLA-DRB1*04:06 chain
MRO:hla-drb1*04:07-chain	HLA-DRB1*04:07 chain
MRO:hla-drb1*04:08-chain	HLA-DRB1*04:08 chain
MRO:hla-drb1*04:10-chain	HLA-DRB1*04:10 chain
MRO:hla-drb1*04:11-chain	HLA-DRB1*04:11 chain
MRO:hla-drb1*07:01-chain	HLA-DRB1*07:01 chain
MRO:hla-drb1*07:03-chain	HLA-DRB1*07:03 chain
MRO:hla-drb1*08:01-chain	HLA-DRB1*08:01 chain
MRO:hla-drb1*08:02-chain	HLA-DRB1*08:02 chain
MRO:hla-drb1*08:03-chain	HLA-DRB1*08:03 chain
MRO:hla-drb1*08:04-chain	HLA-DRB1*08:04 chain
MRO:hla-drb1*08:18-chain	HLA-DRB1*08:18 chain
MRO:hla-drb1*08:20-chain	HLA-DRB1*08:20 chain
MRO:hla-drb1*09:01-chain	HLA-DRB1*09:01 chain
MRO:hla-drb1*10:01-chain	HLA-DRB1*10:01 chain
MRO:hla-drb1*11:01-chain	HLA-DRB1*11:01 chain
MRO:hla-drb1*11:02-chain	HLA-DRB1*11:02 chain
MRO:hla-drb1*11:03-chain	HLA-DRB1*11:03 chain
MRO:hla-drb1*11:04-chain	HLA-DRB1*11:04 chain
MRO:hla-drb1*12:01-chain	HLA-DRB1*12:01 chain
MRO:hla-drb1*12:02-chain	HLA-DRB1*12:02 chain
MRO:hla-drb1*13:01-chain	HLA-DRB1*13:01 chain
MRO:hla-drb1*13:02-chain	HLA-DRB1*13:02 chain
MRO:hla-drb1*13:03-chain	HLA-DRB1*13:03 chain
MRO:hla-drb1*13:04-chain	HLA-DRB1*13:04 chain
MRO:hla-drb1*13:05-chain	HLA-DRB1*13:05 chain
MRO:hla-drb1*13:07-chain	HLA-DRB1*13:07 chain
MRO:hla-drb1*13:15-chain	HLA-DRB1*13:15 chain
MRO:hla-drb1*13:68-chain	HLA-DRB1*13:68 chain
MRO:hla-drb1*14:01-chain	HLA-DRB1*14:01 chain
MRO:hla-drb1*14:02-chain	HLA-DRB1*14:02 chain
MRO:hla-drb1*14:04-chain	HLA-DRB1*14:04 chain
MRO:hla-drb1*14:05-chain	HLA-DRB1*14:05 chain
MRO:hla-drb1*14:09-chain	HLA-DRB1*14:09 chain
MRO:hla-drb1*14:10-chain	HLA-DRB1*14:10 chain
MRO:hla-drb1*14:54-chain	HLA-DRB1*14:54 chain
MRO:hla-drb1*15:01-chain	HLA-DRB1*15:01 chain
MRO:hla-drb1*15:02-chain	HLA-DRB1*15:02 chain
MRO:hla-drb1*15:03-chain	HLA-DRB1*15:03 chain
MRO:hla-drb1*15:04-chain	HLA-DRB1*15:04 chain
MRO:hla-drb1*16:01-chain	HLA-DRB1*16:01 chain
MRO:hla-drb1*16:02-chain	HLA-DRB1*16:02 chain
MRO:hla-drb3-chain	HLA-DRB3 chain
MRO:hla-drb3*01:01-chain	HLA-DRB3*01:01 chain
MRO:hla-drb3*02:01-chain	HLA-DRB3*02:01 chain
MRO:hla-drb3*02:02-chain	HLA-DRB3*02:02 chain
MRO:hla-drb3*03:01-chain	HLA-DRB3*03:01 chain
MRO:hla-drb4-chain	HLA-DRB4 chain
MRO:hla-drb4*01:01-chain	HLA-DRB4*01:01 chain
MRO:hla-drb4*01:02-chain	HLA-DRB4*01:02 chain
MRO:hla-drb4*01:03-chain	HLA-DRB4*01:03 chain
MRO:hla-drb5-chain	HLA-DRB5 chain
MRO:hla-drb5*01:01-chain	HLA-DRB5*01:01 chain
MRO:hla-drb5*01:02-chain	HLA-DRB5*01:02 chain
MRO:hla-drb5*02:02-chain	HLA-DRB5*02:02 chain
MRO:hla-e-chain	HLA-E chain
MRO:hla-e*01:01-chain	HLA-E*01:01 chain
MRO:hla-e*01:03-chain	HLA-E*01:03 chain
MRO:hla-g-chain	HLA-G chain
MRO:hla-g*01:01-chain	HLA-G*01:01 chain
MRO:hla-mr1-chain	HLA-MR1 chain
MRO:mhc-class-i-chain	MHC class I chain
MRO:mhc-class-ii-chain	MHC class II chain
MRO:mamu-a-chain	Mamu-A chain
MRO:mamu-a*01-chain	Mamu-A*01 chain
MRO:mamu-a*02-chain	Mamu-A*02 chain
MRO:mamu-a*08-chain	Mamu-A*08 chain
MRO:mamu-a*11-chain	Mamu-A*11 chain
MRO:mamu-b-chain	Mamu-B chain
MRO:mamu-b*01-chain	Mamu-B*01 chain
MRO:mamu-b*029-chain	Mamu-B*029 chain
MRO:mamu-b*03-chain	Mamu-B*03 chain
MRO:mamu-b*04-chain	Mamu-B*04 chain
MRO:mamu-b*08-chain	Mamu-B*08 chain
MRO:mamu-b*12-chain	Mamu-B*12 chain
MRO:mamu-b*17-chain	Mamu-B*17 chain
MRO:mamu-dpa-chain	Mamu-DPA chain
MRO:mamu-dpb-chain	Mamu-DPB chain
MRO:mamu-dpb1*01:01-chain	Mamu-DPB1*01:01 chain
MRO:mamu-dra-chain	Mamu-DRA chain
MRO:mamu-drb-chain	Mamu-DRB chain
MRO:mamu-drb*w2:01-chain	Mamu-DRB*w2:01 chain
MRO:mamu-drb1*03:03-chain	Mamu-DRB1*03:03 chain
MRO:mamu-drb1*03:06-chain	Mamu-DRB1*03:06 chain
MRO:mamu-drb1*03:08-chain	Mamu-DRB1*03:08 chain
MRO:mamu-drb1*04:06-chain	Mamu-DRB1*04:06 chain
MRO:papa-a-chain	Papa-A chain
MRO:papa-a*06:01-chain	Papa-A*06:01 chain
MRO:patr-a-chain	Patr-A chain
MRO:patr-a*01:01-chain	Patr-A*01:01 chain
MRO:patr-a*03:01-chain	Patr-A*03:01 chain
MRO:patr-a*04:01-chain	Patr-A*04:01 chain
MRO:patr-a*04:02-chain	Patr-A*04:02 chain
MRO:patr-a*05:01-chain	Patr-A*05:01 chain
MRO:patr-a*06:01-chain	Patr-A*06:01 chain
MRO:patr-a*06:02-chain	Patr-A*06:02 chain
MRO:patr-a*07:01-chain	Patr-A*07:01 chain
MRO:patr-a*09:01-chain	Patr-A*09:01 chain
MRO:patr-a*11:01-chain	Patr-A*11:01 chain
MRO:patr-a*14:01-chain	Patr-A*14:01 chain
MRO:patr-al-chain	Patr-AL chain
MRO:patr-b-chain	Patr-B chain
MRO:patr-b*01:01-chain	Patr-B*01:01 chain
MRO:patr-b*02:01-chain	Patr-B*02:01 chain
MRO:patr-b*03:01-chain	Patr-B*03:01 chain
MRO:patr-b*03:02-chain	Patr-B*03:02 chain
MRO:patr-b*04:01-chain	Patr-B*04:01 chain
MRO:patr-b*05:01-chain	Patr-B*05:01 chain
MRO:patr-b*09:01-chain	Patr-B*09:01 chain
MRO:patr-b*13:01-chain	Patr-B*13:01 chain
MRO:patr-b*14:01-chain	Patr-B*14:01 chain
MRO:patr-b*16:01-chain	Patr-B*16:01 chain
MRO:patr-b*16:02-chain	Patr-B*16:02 chain
MRO:patr-b*17:01-chain	Patr-B*17:01 chain
MRO:patr-b*20:01-chain	Patr-B*20:01 chain
MRO:patr-b*23:01-chain	Patr-B*23:01 chain
MRO:patr-b*23:02-chain	Patr-B*23:02 chain
MRO:patr-b*24:01-chain	Patr-B*24:01 chain
MRO:patr-c-chain	Patr-C chain
MRO:patr-c*02:03-chain	Patr-C*02:03 chain
MRO:patr-c*04:01-chain	Patr-C*04:01 chain
MRO:patr-c*05:02-chain	Patr-C*05:02 chain
MRO:patr-c*06:01-chain	Patr-C*06:01 chain
MRO:patr-dpa-chain	Patr-DPA chain
MRO:patr-dpb-chain	Patr-DPB chain
MRO:patr-dqa-chain	Patr-DQA chain
MRO:patr-dqb-chain	Patr-DQB chain
MRO:patr-dra-chain	Patr-DRA chain
MRO:patr-drb-chain	Patr-DRB chain
MRO:patr-drb1*03:08-chain	Patr-DRB1*03:08 chain
MRO:patr-drb1*07:01-chain	Patr-DRB1*07:01 chain
MRO:patr-drb1*10:01-chain	Patr-DRB1*10:01 chain
MRO:patr-drb5*03:10-chain	Patr-DRB5*03:10 chain
MRO:rt1-a-chain	RT1-A chain
MRO:rt1-a1-chain	RT1-A1 chain
MRO:rt1-a2-chain	RT1-A2 chain
MRO:rt1-b-chain	RT1-B chain
MRO:rt1-d-chain	RT1-D chain
MRO:sla-1-chain	SLA-1 chain
MRO:sla-1*0401-chain	SLA-1*0401 chain
MRO:sla-1*1502-chain	SLA-1*1502 chain
MRO:sla-2-chain	SLA-2 chain
MRO:sla-2*0401-chain	SLA-2*0401 chain
MRO:saoe-g-chain	Saoe-G chain
MRO:saoe-g*02-chain	Saoe-G*02 chain
MRO:saoe-g*04-chain	Saoe-G*04 chain
MRO:saoe-g*08-chain	Saoe-G*08 chain
MRO:saoe-g*12-chain	Saoe-G*12 chain
MRO:yf1w*7.1-chain	YF1w*7.1 chain
MRO:bonobo-mhc-class-i-chain	bonobo MHC class I chain
MRO:bonobo-mhc-class-ii-chain	bonobo MHC class II chain
MRO:cattle-cd1b3-chain	cattle CD1b3 chain
MRO:cattle-cd1d-chain	cattle CD1d chain
MRO:cattle-mhc-class-i-chain	cattle MHC class I chain
MRO:cattle-mhc-class-ii-chain	cattle MHC class II chain
MRO:cattle-mr1-chain	cattle MR1 chain
MRO:cattle-non-classical-mhc-chain	cattle non-classical MHC chain
MRO:chicken-cd1-1-chain	chicken CD1-1 chain
MRO:chicken-cd1-2-chain	chicken CD1-2 chain
MRO:chicken-mhc-class-i-chain	chicken MHC class I chain
MRO:chicken-mhc-class-ii-chain	chicken MHC class II chain
MRO:chicken-non-classical-mhc-chain	chicken non-classical MHC chain
MRO:chimpanzee-mhc-class-i-chain	chimpanzee MHC class I chain
MRO:chimpanzee-mhc-class-ii-chain	chimpanzee MHC class II chain
MRO:chimpanzee-non-classical-mhc-chain	chimpanzee non-classical MHC chain
MRO:cotton-top-tamarin-mhc-class-i-chain	cotton-top tamarin MHC class I chain
MRO:cotton-top-tamarin-mhc-class-ii-chain	cotton-top tamarin MHC class II chain
MRO:dog-mhc-class-i-chain	dog MHC class I chain
MRO:dog-mhc-class-ii-chain	dog MHC class II chain
MRO:gorilla-mhc-class-i-chain	gorilla MHC class I chain
MRO:gorilla-mhc-class-ii-chain	gorilla MHC class II chain
MRO:horse-mhc-class-i-chain	horse MHC class I chain
MRO:horse-mhc-class-ii-chain	horse MHC class II chain
MRO:human-btn3a1-chain	human BTN3A1 chain
MRO:human-cd1a-chain	human CD1a chain
MRO:human-cd1b-chain	human CD1b chain
MRO:human-cd1c-chain	human CD1c chain
MRO:human-cd1d-chain	human CD1d chain
MRO:human-mhc-class-i-chain	human MHC class I chain
MRO:human-mhc-class-ii-chain	human MHC class II chain
MRO:human-mr1-k43a-mutant-chain	human MR1 K43A mutant chain
MRO:human-mr1-chain	human MR1 chain
MRO:human-non-classical-mhc-chain	human non-classical MHC chain
MRO:marmoset-mhc-class-i-chain	marmoset MHC class I chain
MRO:mouse-cd1d-chain	mouse CD1d chain
MRO:mouse-mhc-class-i-chain	mouse MHC class I chain
MRO:mouse-mhc-class-ii-chain	mouse MHC class II chain
MRO:mouse-mr1-chain	mouse MR1 chain
MRO:mouse-non-classical-mhc-chain	mouse non-classical MHC chain
MRO:non-classical-mhc-chain	non-classical MHC chain
MRO:pig-mhc-class-i-chain	pig MHC class I chain
MRO:pig-mhc-class-ii-chain	pig MHC class II chain
MRO:rat-mhc-class-i-chain	rat MHC class I chain
MRO:rat-mhc-class-ii-chain	rat MHC class II chain
MRO:rhesus-macaque-mhc-class-i-chain	rhesus macaque MHC class I chain
MRO:rhesus-macaque-mhc-class-ii-chain	rhesus macaque MHC class II chain
MRO:sheep-mhc-class-i-chain	sheep MHC class I chain
MRO:sheep-mhc-class-ii-chain	sheep MHC class II chain
MRO:bf-bf1-protein-complex	BF-BF1 protein complex
MRO:bf-bf2-protein-complex	BF-BF2 protein complex
MRO:bf1*0201-protein-complex	BF1*0201 protein complex
MRO:bf2*0201-protein-complex	BF2*0201 protein complex
MRO:bf2*0401-protein-complex	BF2*0401 protein complex
MRO:bf2*1201-protein-complex	BF2*1201 protein complex
MRO:bf2*1401-protein-complex	BF2*1401 protein complex
MRO:bf2*1501-protein-complex	BF2*1501 protein complex
MRO:bf2*2101-protein-complex	BF2*2101 protein complex
MRO:bola-1-protein-complex	BoLA-1 protein complex
MRO:bola-1*02101-protein-complex	BoLA-1*02101 protein complex
MRO:bola-1*02301-protein-complex	BoLA-1*02301 protein complex
MRO:bola-2-protein-complex	BoLA-2 protein complex
MRO:bola-2*01201-protein-complex	BoLA-2*01201 protein complex
MRO:bola-2*01801-protein-complex	BoLA-2*01801 protein complex
MRO:bola-2*02201-protein-complex	BoLA-2*02201 protein complex
MRO:bola-3-protein-complex	BoLA-3 protein complex
MRO:bola-3*00101-protein-complex	BoLA-3*00101 protein complex
MRO:bola-3*00201-protein-complex	BoLA-3*00201 protein complex
MRO:bola-6-protein-complex	BoLA-6 protein complex
MRO:bola-6*01301-protein-complex	BoLA-6*01301 protein complex
MRO:bola-6*04101-protein-complex	BoLA-6*04101 protein complex
MRO:bola-dq-protein-complex	BoLA-DQ protein complex
MRO:bola-dqa*0202-protein-complex	BoLA-DQA*0202 protein complex
MRO:bola-dqa*0301-protein-complex	BoLA-DQA*0301 protein complex
MRO:bola-dqa*0301-dqb*0402-protein-complex	BoLA-DQA*0301/DQB*0402 protein complex
MRO:bola-dqa*10011-dqb*10021-protein-complex	BoLA-DQA*10011/DQB*10021 protein complex
MRO:bola-dqa*12011-dqb*10051-protein-complex	BoLA-DQA*12011/DQB*10051 protein complex
MRO:bola-dqa*2201-dqb*1201-protein-complex	BoLA-DQA*2201/DQB*1201 protein complex
MRO:bola-dqa*2202-dqb*0901-protein-complex	BoLA-DQA*2202/DQB*0901 protein complex
MRO:bola-dqa*2202-dqb*1301-protein-complex	BoLA-DQA*2202/DQB*1301 protein complex
MRO:bola-dqa*2206-dqb*1301-protein-complex	BoLA-DQA*2206/DQB*1301 protein complex
MRO:bola-dqa*2206-dqb*1402-protein-complex	BoLA-DQA*2206/DQB*1402 protein complex
MRO:bola-drb3-protein-complex	BoLA-DRB3 protein complex
MRO:bola-drb3*0101-protein-complex	BoLA-DRB3*0101 protein complex
MRO:bola-drb3*0201-protein-complex	BoLA-DRB3*0201 protein complex
MRO:bola-drb3*0701-protein-complex	BoLA-DRB3*0701 protein complex
MRO:bola-drb3*1101-protein-complex	BoLA-DRB3*1101 protein complex
MRO:bola-drb3*1201-protein-complex	BoLA-DRB3*1201 protein complex
MRO:bola-drb3*1202-protein-complex	BoLA-DRB3*1202 protein complex
MRO:bola-drb3*14011-protein-complex	BoLA-DRB3*14011 protein complex
MRO:bola-drb3*1501-protein-complex	BoLA-DRB3*1501 protein complex
MRO:bola-drb3*1502-protein-complex	BoLA-DRB3*1502 protein complex
MRO:bola-drb3*2002-protein-complex	BoLA-DRB3*2002 protein complex
MRO:bola-drb3*2703-protein-complex	BoLA-DRB3*2703 protein complex
MRO:bola-drb3*3001-protein-complex	BoLA-DRB3*3001 protein complex
MRO:bola-drb3*4501-protein-complex	BoLA-DRB3*4501 protein complex
MRO:dla-88-protein-complex	DLA-88 protein complex
MRO:dla-88*50801-protein-complex	DLA-88*50801 protein complex
MRO:ela-n-protein-complex	ELA-N protein complex
MRO:eqca-n*00602-protein-complex	Eqca-N*00602 protein complex
MRO:gogo-b-protein-complex	Gogo-B protein complex
MRO:gogo-b*0101-protein-complex	Gogo-B*0101 protein complex
MRO:h-2-d-protein-complex	H-2-D protein complex
MRO:h-2-db-protein-complex	H-2-Db protein complex
MRO:h-2-dd-protein-complex	H-2-Dd protein complex
MRO:h-2-dk-protein-complex	H-2-Dk protein complex
MRO:h-2-dr-protein-complex	H-2-Dr protein complex
MRO:h-2-ds-protein-complex	H-2-Ds protein complex
MRO:h-2-ia-protein-complex	H-2-IA protein complex
MRO:h-2-iab-protein-complex	H-2-IAb protein complex
MRO:h-2-iad-protein-complex	H-2-IAd protein complex
MRO:h-2-iaf-protein-complex	H-2-IAf protein complex
MRO:h-2-iag7-protein-complex	H-2-IAg7 protein complex
MRO:h-2-iak-protein-complex	H-2-IAk protein complex
MRO:h-2-iap-protein-complex	H-2-IAp protein complex
MRO:h-2-iaq-protein-complex	H-2-IAq protein complex
MRO:h-2-iar-protein-complex	H-2-IAr protein complex
MRO:h-2-ias-protein-complex	H-2-IAs protein complex
MRO:h-2-iau-protein-complex	H-2-IAu protein complex
MRO:h-2-ie-protein-complex	H-2-IE protein complex
MRO:h-2-ieb-protein-complex	H-2-IEb protein complex
MRO:h-2-ied-protein-complex	H-2-IEd protein complex
MRO:h-2-ieg7-protein-complex	H-2-IEg7 protein complex
MRO:h-2-iek-protein-complex	H-2-IEk protein complex
MRO:h-2-iep-protein-complex	H-2-IEp protein complex
MRO:h-2-ier-protein-complex	H-2-IEr protein complex
MRO:h-2-ieu-protein-complex	H-2-IEu protein complex
MRO:h-2-k-protein-complex	H-2-K protein complex
MRO:h-2-kb-protein-complex	H-2-Kb protein complex
MRO:h-2-kd-protein-complex	H-2-Kd protein complex
MRO:h-2-kk-protein-complex	H-2-Kk protein complex
MRO:h-2-ks-protein-complex	H-2-Ks protein complex
MRO:h-2-kwm7-protein-complex	H-2-Kwm7 protein complex
MRO:h-2-l-protein-complex	H-2-L protein complex
MRO:h-2-ld-protein-complex	H-2-Ld protein complex
MRO:h-2-lq-protein-complex	H-2-Lq protein complex
MRO:h-2-m3-protein-complex	H-2-M3 protein complex
MRO:h-2-q-protein-complex	H-2-Q protein complex
MRO:h-2-q9-protein-complex	H-2-Q9 protein complex
MRO:h-2-qa1-protein-complex	H-2-Qa1 protein complex
MRO:h-2-qa2-protein-complex	H-2-Qa2 protein complex
MRO:h-2-qa9-protein-complex	H-2-Qa9 protein complex
MRO:hla-a-protein-complex	HLA-A protein complex
MRO:hla-a*01:01-protein-complex	HLA-A*01:01 protein complex
MRO:hla-a*02:01-protein-complex	HLA-A*02:01 protein complex
MRO:hla-a*02:02-protein-complex	HLA-A*02:02 protein complex
MRO:hla-a*02:03-protein-complex	HLA-A*02:03 protein complex
MRO:hla-a*02:04-protein-complex	HLA-A*02:04 protein complex
MRO:hla-a*02:05-protein-complex	HLA-A*02:05 protein complex
MRO:hla-a*02:06-protein-complex	HLA-A*02:06 protein complex
MRO:hla-a*02:07-protein-complex	HLA-A*02:07 protein complex
MRO:hla-a*02:08-protein-complex	HLA-A*02:08 protein complex
MRO:hla-a*02:09-protein-complex	HLA-A*02:09 protein complex
MRO:hla-a*02:10-protein-complex	HLA-A*02:10 protein complex
MRO:hla-a*02:11-protein-complex	HLA-A*02:11 protein complex
MRO:hla-a*02:12-protein-complex	HLA-A*02:12 protein complex
MRO:hla-a*02:13-protein-complex	HLA-A*02:13 protein complex
MRO:hla-a*02:14-protein-complex	HLA-A*02:14 protein complex
MRO:hla-a*02:16-protein-complex	HLA-A*02:16 protein complex
MRO:hla-a*02:17-protein-complex	HLA-A*02:17 protein complex
MRO:hla-a*02:19-protein-complex	HLA-A*02:19 protein complex
MRO:hla-a*02:20-protein-complex	HLA-A*02:20 protein complex
MRO:hla-a*02:50-protein-complex	HLA-A*02:50 protein complex
MRO:hla-a*03:01-protein-complex	HLA-A*03:01 protein complex
MRO:hla-a*03:02-protein-complex	HLA-A*03:02 protein complex
MRO:hla-a*03:19-protein-complex	HLA-A*03:19 protein complex
MRO:hla-a*11:01-protein-complex	HLA-A*11:01 protein complex
MRO:hla-a*11:02-protein-complex	HLA-A*11:02 protein complex
MRO:hla-a*23:01-protein-complex	HLA-A*23:01 protein complex
MRO:hla-a*24:02-protein-complex	HLA-A*24:02 protein complex
MRO:hla-a*24:03-protein-complex	HLA-A*24:03 protein complex
MRO:hla-a*24:06-protein-complex	HLA-A*24:06 protein complex
MRO:hla-a*24:07-protein-complex	HLA-A*24:07 protein complex
MRO:hla-a*24:13-protein-complex	HLA-A*24:13 protein complex
MRO:hla-a*25:01-protein-complex	HLA-A*25:01 protein complex
MRO:hla-a*26:01-protein-complex	HLA-A*26:01 protein complex
MRO:hla-a*26:02-protein-complex	HLA-A*26:02 protein complex
MRO:hla-a*26:03-protein-complex	HLA-A*26:03 protein complex
MRO:hla-a*29:01-protein-complex	HLA-A*29:01 protein complex
MRO:hla-a*29:02-protein-complex	HLA-A*29:02 protein complex
MRO:hla-a*30:01-protein-complex	HLA-A*30:01 protein complex
MRO:hla-a*30:02-protein-complex	HLA-A*30:02 protein complex
MRO:hla-a*30:03-protein-complex	HLA-A*30:03 protein complex
MRO:hla-a*30:04-protein-complex	HLA-A*30:04 protein complex
MRO:hla-a*31:01-protein-complex	HLA-A*31:01 protein complex
MRO:hla-a*32:01-protein-complex	HLA-A*32:01 protein complex
MRO:hla-a*32:05-protein-complex	HLA-A*32:05 protein complex
MRO:hla-a*32:07-protein-complex	HLA-A*32:07 protein complex
MRO:hla-a*32:15-protein-complex	HLA-A*32:15 protein complex
MRO:hla-a*33:01-protein-complex	HLA-A*33:01 protein complex
MRO:hla-a*33:03-protein-complex	HLA-A*33:03 protein complex
MRO:hla-a*66:01-protein-complex	HLA-A*66:01 protein complex
MRO:hla-a*68:01-protein-complex	HLA-A*68:01 protein complex
MRO:hla-a*68:02-protein-complex	HLA-A*68:02 protein complex
MRO:hla-a*68:23-protein-complex	HLA-A*68:23 protein complex
MRO:hla-a*69:01-protein-complex	HLA-A*69:01 protein complex
MRO:hla-a*74:01-protein-complex	HLA-A*74:01 protein complex
MRO:hla-a*80:01-protein-complex	HLA-A*80:01 protein complex
MRO:hla-b-protein-complex	HLA-B protein complex
MRO:hla-b*07:02-protein-complex	HLA-B*07:02 protein complex
MRO:hla-b*08:01-protein-complex	HLA-B*08:01 protein complex
MRO:hla-b*08:02-protein-complex	HLA-B*08:02 protein complex
MRO:hla-b*08:03-protein-complex	HLA-B*08:03 protein complex
MRO:hla-b*13:01-protein-complex	HLA-B*13:01 protein complex
MRO:hla-b*13:02-protein-complex	HLA-B*13:02 protein complex
MRO:hla-b*14:02-protein-complex	HLA-B*14:02 protein complex
MRO:hla-b*14:03-protein-complex	HLA-B*14:03 protein complex
MRO:hla-b*15:01-protein-complex	HLA-B*15:01 protein complex
MRO:hla-b*15:02-protein-complex	HLA-B*15:02 protein complex
MRO:hla-b*15:03-protein-complex	HLA-B*15:03 protein complex
MRO:hla-b*15:08-protein-complex	HLA-B*15:08 protein complex
MRO:hla-b*15:09-protein-complex	HLA-B*15:09 protein complex
MRO:hla-b*15:10-protein-complex	HLA-B*15:10 protein complex
MRO:hla-b*15:13-protein-complex	HLA-B*15:13 protein complex
MRO:hla-b*15:16-protein-complex	HLA-B*15:16 protein complex
MRO:hla-b*15:17-protein-complex	HLA-B*15:17 protein complex
MRO:hla-b*15:25-protein-complex	HLA-B*15:25 protein complex
MRO:hla-b*15:42-protein-complex	HLA-B*15:42 protein complex
MRO:hla-b*18:01-protein-complex	HLA-B*18:01 protein complex
MRO:hla-b*27:01-protein-complex	HLA-B*27:01 protein complex
MRO:hla-b*27:02-protein-complex	HLA-B*27:02 protein complex
MRO:hla-b*27:03-protein-complex	HLA-B*27:03 protein complex
MRO:hla-b*27:04-protein-complex	HLA-B*27:04 protein complex
MRO:hla-b*27:05-protein-complex	HLA-B*27:05 protein complex
MRO:hla-b*27:06-protein-complex	HLA-B*27:06 protein complex
MRO:hla-b*27:07-protein-complex	HLA-B*27:07 protein complex
MRO:hla-b*27:09-protein-complex	HLA-B*27:09 protein complex
MRO:hla-b*27:10-protein-complex	HLA-B*27:10 protein complex
MRO:hla-b*27:20-protein-complex	HLA-B*27:20 protein complex
MRO:hla-b*35:01-protein-complex	HLA-B*35:01 protein complex
MRO:hla-b*35:02-protein-complex	HLA-B*35:02 protein complex
MRO:hla-b*35:03-protein-complex	HLA-B*35:03 protein complex
MRO:hla-b*35:04-protein-complex	HLA-B*35:04 protein complex
MRO:hla-b*35:06-protein-complex	HLA-B*35:06 protein complex
MRO:hla-b*35:08-protein-complex	HLA-B*35:08 protein complex
MRO:hla-b*35:14-protein-complex	HLA-B*35:14 protein complex
MRO:hla-b*37:01-protein-complex	HLA-B*37:01 protein complex
MRO:hla-b*38:01-protein-complex	HLA-B*38:01 protein complex
MRO:hla-b*38:02-protein-complex	HLA-B*38:02 protein complex
MRO:hla-b*39:01-protein-complex	HLA-B*39:01 protein complex
MRO:hla-b*39:05-protein-complex	HLA-B*39:05 protein complex
MRO:hla-b*39:06-protein-complex	HLA-B*39:06 protein complex
MRO:hla-b*39:10-protein-complex	HLA-B*39:10 protein complex
MRO:hla-b*40:01-protein-complex	HLA-B*40:01 protein complex
MRO:hla-b*40:02-protein-complex	HLA-B*40:02 protein complex
MRO:hla-b*40:06-protein-complex	HLA-B*40:06 protein complex
MRO:hla-b*40:13-protein-complex	HLA-B*40:13 protein complex
MRO:hla-b*41:01-protein-complex	HLA-B*41:01 protein complex
MRO:hla-b*41:02-protein-complex	HLA-B*41:02 protein complex
MRO:hla-b*41:03-protein-complex	HLA-B*41:03 protein complex
MRO:hla-b*41:04-protein-complex	HLA-B*41:04 protein complex
MRO:hla-b*41:05-protein-complex	HLA-B*41:05 protein complex
MRO:hla-b*41:06-protein-complex	HLA-B*41:06 protein complex
MRO:hla-b*42:0-protein-complex	HLA-B*42:0 protein complex
MRO:hla-b*42:01-protein-complex	HLA-B*42:01 protein complex
MRO:hla-b*44:01-protein-complex	HLA-B*44:01 protein complex
MRO:hla-b*44:02-protein-complex	HLA-B*44:02 protein complex
MRO:hla-b*44:03-protein-complex	HLA-B*44:03 protein complex
MRO:hla-b*44:05-protein-complex	HLA-B*44:05 protein complex
MRO:hla-b*44:08-protein-complex	HLA-B*44:08 protein complex
MRO:hla-b*44:27-protein-complex	HLA-B*44:27 protein complex
MRO:hla-b*44:28-protein-complex	HLA-B*44:28 protein complex
MRO:hla-b*45:01-protein-complex	HLA-B*45:01 protein complex
MRO:hla-b*45:06-protein-complex	HLA-B*45:06 protein complex
MRO:hla-b*46:01-protein-complex	HLA-B*46:01 protein complex
MRO:hla-b*48:01-protein-complex	HLA-B*48:01 protein complex
MRO:hla-b*49:01-protein-complex	HLA-B*49:01 protein complex
MRO:hla-b*50:01-protein-complex	HLA-B*50:01 protein complex
MRO:hla-b*51:01-protein-complex	HLA-B*51:01 protein complex
MRO:hla-b*51:02-protein-complex	HLA-B*51:02 protein complex
MRO:hla-b*51:03-protein-complex	HLA-B*51:03 protein complex
MRO:hla-b*52:01-protein-complex	HLA-B*52:01 protein complex
MRO:hla-b*53:01-protein-complex	HLA-B*53:01 protein complex
MRO:hla-b*54:01-protein-complex	HLA-B*54:01 protein complex
MRO:hla-b*55:01-protein-complex	HLA-B*55:01 protein complex
MRO:hla-b*55:02-protein-complex	HLA-B*55:02 protein complex
MRO:hla-b*56:01-protein-complex	HLA-B*56:01 protein complex
MRO:hla-b*57:01-protein-complex	HLA-B*57:01 protein complex
MRO:hla-b*57:02-protein-complex	HLA-B*57:02 protein complex
MRO:hla-b*57:03-protein-complex	HLA-B*57:03 protein complex
MRO:hla-b*58:01-protein-complex	HLA-B*58:01 protein complex
MRO:hla-b*58:02-protein-complex	HLA-B*58:02 protein complex
MRO:hla-b*67:01-protein-complex	HLA-B*67:01 protein complex
MRO:hla-b*73:01-protein-complex	HLA-B*73:01 protein complex
MRO:hla-b*81:01-protein-complex	HLA-B*81:01 protein complex
MRO:hla-b*83:01-protein-complex	HLA-B*83:01 protein complex
MRO:hla-c-protein-complex	HLA-C protein complex
MRO:hla-c*01:02-protein-complex	HLA-C*01:02 protein complex
MRO:hla-c*02:02-protein-complex	HLA-C*02:02 protein complex
MRO:hla-c*03:03-protein-complex	HLA-C*03:03 protein complex
MRO:hla-c*03:04-protein-complex	HLA-C*03:04 protein complex
MRO:hla-c*04:01-protein-complex	HLA-C*04:01 protein complex
MRO:hla-c*05:01-protein-complex	HLA-C*05:01 protein complex
MRO:hla-c*06:02-protein-complex	HLA-C*06:02 protein complex
MRO:hla-c*07:01-protein-complex	HLA-C*07:01 protein complex
MRO:hla-c*07:02-protein-complex	HLA-C*07:02 protein complex
MRO:hla-c*07:04-protein-complex	HLA-C*07:04 protein complex
MRO:hla-c*08:01-protein-complex	HLA-C*08:01 protein complex
MRO:hla-c*08:02-protein-complex	HLA-C*08:02 protein complex
MRO:hla-c*12:02-protein-complex	HLA-C*12:02 protein complex
MRO:hla-c*12:03-protein-complex	HLA-C*12:03 protein complex
MRO:hla-c*14:02-protein-complex	HLA-C*14:02 protein complex
MRO:hla-c*15:02-protein-complex	HLA-C*15:02 protein complex
MRO:hla-c*16:01-protein-complex	HLA-C*16:01 protein complex
MRO:hla-dp-protein-complex	HLA-DP protein complex
MRO:hla-dpa1*01:03-protein-complex	HLA-DPA1*01:03 protein complex
MRO:hla-dpa1*01:03-dpb1*02:01-protein-complex	HLA-DPA1*01:03/DPB1*02:01 protein complex
MRO:hla-dpa1*01:03-dpb1*02:12-protein-complex	HLA-DPA1*01:03/DPB1*02:12 protein complex
MRO:hla-dpa1*01:03-dpb1*03:01-protein-complex	HLA-DPA1*01:03/DPB1*03:01 protein complex
MRO:hla-dpa1*01:03-dpb1*04:01-protein-complex	HLA-DPA1*01:03/DPB1*04:01 protein complex
MRO:hla-dpa1*01:03-dpb1*04:02-protein-complex	HLA-DPA1*01:03/DPB1*04:02 protein complex
MRO:hla-dpa1*02:01-protein-complex	HLA-DPA1*02:01 protein complex
MRO:hla-dpa1*02:01-dpb1*01:01-protein-complex	HLA-DPA1*02:01/DPB1*01:01 protein complex
MRO:hla-dpa1*02:01-dpb1*05:01-protein-complex	HLA-DPA1*02:01/DPB1*05:01 protein complex
MRO:hla-dpa1*02:01-dpb1*09:01-protein-complex	HLA-DPA1*02:01/DPB1*09:01 protein complex
MRO:hla-dpa1*02:02-dpb1*05:01-protein-complex	HLA-DPA1*02:02/DPB1*05:01 protein complex
MRO:hla-dpa1*03:01-dpb1*04:02-protein-complex	HLA-DPA1*03:01/DPB1*04:02 protein complex
MRO:hla-dpb1*01:01-protein-complex	HLA-DPB1*01:01 protein complex
MRO:hla-dpb1*02:01-protein-complex	HLA-DPB1*02:01 protein complex
MRO:hla-dpb1*03:01-protein-complex	HLA-DPB1*03:01 protein complex
MRO:hla-dpb1*04:01-protein-complex	HLA-DPB1*04:01 protein complex
MRO:hla-dpb1*04:02-protein-complex	HLA-DPB1*04:02 protein complex
MRO:hla-dpb1*05:01-protein-complex	HLA-DPB1*05:01 protein complex
MRO:hla-dpb1*06:01-protein-complex	HLA-DPB1*06:01 protein complex
MRO:hla-dpb1*09:01-protein-complex	HLA-DPB1*09:01 protein complex
MRO:hla-dpb1*11:01-protein-complex	HLA-DPB1*11:01 protein complex
MRO:hla-dpb1*13:01-protein-complex	HLA-DPB1*13:01 protein complex
MRO:hla-dpb1*14:01-protein-complex	HLA-DPB1*14:01 protein complex
MRO:hla-dpb1*16:01-protein-complex	HLA-DPB1*16:01 protein complex
MRO:hla-dpb1*17:01-protein-complex	HLA-DPB1*17:01 protein complex
MRO:hla-dpb1*20:01-protein-complex	HLA-DPB1*20:01 protein complex
MRO:hla-dpb1*23:01-protein-complex	HLA-DPB1*23:01 protein complex
MRO:hla-dpb1*31:01-protein-complex	HLA-DPB1*31:01 protein complex
MRO:hla-dpb1*34:01-protein-complex	HLA-DPB1*34:01 protein complex
MRO:hla-dq-protein-complex	HLA-DQ protein complex
MRO:hla-dqa1*01:01-protein-complex	HLA-DQA1*01:01 protein complex
MRO:hla-dqa1*01:01-dqb1*05:01-protein-complex	HLA-DQA1*01:01/DQB1*05:01 protein complex
MRO:hla-dqa1*01:01-dqb1*05:03-protein-complex	HLA-DQA1*01:01/DQB1*05:03 protein complex
MRO:hla-dqa1*01:02-protein-complex	HLA-DQA1*01:02 protein complex
MRO:hla-dqa1*01:02-dqb1*03:01-protein-complex	HLA-DQA1*01:02/DQB1*03:01 protein complex
MRO:hla-dqa1*01:02-dqb1*05:01-protein-complex	HLA-DQA1*01:02/DQB1*05:01 protein complex
MRO:hla-dqa1*01:02-dqb1*05:02-protein-complex	HLA-DQA1*01:02/DQB1*05:02 protein complex
MRO:hla-dqa1*01:02-dqb1*06:02-protein-complex	HLA-DQA1*01:02/DQB1*06:02 protein complex
MRO:hla-dqa1*01:02-dqb1*06:04-protein-complex	HLA-DQA1*01:02/DQB1*06:04 protein complex
MRO:hla-dqa1*01:03-dqb1*03:02-protein-complex	HLA-DQA1*01:03/DQB1*03:02 protein complex
MRO:hla-dqa1*01:03-dqb1*06:01-protein-complex	HLA-DQA1*01:03/DQB1*06:01 protein complex
MRO:hla-dqa1*01:03-dqb1*06:03-protein-complex	HLA-DQA1*01:03/DQB1*06:03 protein complex
MRO:hla-dqa1*01:04-dqb1*05:03-protein-complex	HLA-DQA1*01:04/DQB1*05:03 protein complex
MRO:hla-dqa1*02:01-protein-complex	HLA-DQA1*02:01 protein complex
MRO:hla-dqa1*02:01-dqb1*02:01-protein-complex	HLA-DQA1*02:01/DQB1*02:01 protein complex
MRO:hla-dqa1*02:01-dqb1*02:02-protein-complex	HLA-DQA1*02:01/DQB1*02:02 protein complex
MRO:hla-dqa1*02:01-dqb1*03:01-protein-complex	HLA-DQA1*02:01/DQB1*03:01 protein complex
MRO:hla-dqa1*02:01-dqb1*03:03-protein-complex	HLA-DQA1*02:01/DQB1*03:03 protein complex
MRO:hla-dqa1*02:01-dqb1*04:02-protein-complex	HLA-DQA1*02:01/DQB1*04:02 protein complex
MRO:hla-dqa1*03:01-protein-complex	HLA-DQA1*03:01 protein complex
MRO:hla-dqa1*03:01-dqb1*02:01-protein-complex	HLA-DQA1*03:01/DQB1*02:01 protein complex
MRO:hla-dqa1*03:01-dqb1*03:01-protein-complex	HLA-DQA1*03:01/DQB1*03:01 protein complex
MRO:hla-dqa1*03:01-dqb1*03:02-protein-complex	HLA-DQA1*03:01/DQB1*03:02 protein complex
MRO:hla-dqa1*03:01-dqb1*04:01-protein-complex	HLA-DQA1*03:01/DQB1*04:01 protein complex
MRO:hla-dqa1*03:02-dqb1*03:01-protein-complex	HLA-DQA1*03:02/DQB1*03:01 protein complex
MRO:hla-dqa1*03:02-dqb1*03:03-protein-complex	HLA-DQA1*03:02/DQB1*03:03 protein complex
MRO:hla-dqa1*03:02-dqb1*04:01-protein-complex	HLA-DQA1*03:02/DQB1*04:01 protein complex
MRO:hla-dqa1*03:03-dqb1*03:01-protein-complex	HLA-DQA1*03:03/DQB1*03:01 protein complex
MRO:hla-dqa1*03:03-dqb1*04:02-protein-complex	HLA-DQA1*03:03/DQB1*04:02 protein complex
MRO:hla-dqa1*04:01-dqb1*04:02-protein-complex	HLA-DQA1*04:01/DQB1*04:02 protein complex
MRO:hla-dqa1*05:01-protein-complex	HLA-DQA1*05:01 protein complex
MRO:hla-dqa1*05:01-dqb1*02:01-protein-complex	HLA-DQA1*05:01/DQB1*02:01 protein complex
MRO:hla-dqa1*05:01-dqb1*03:01-protein-complex	HLA-DQA1*05:01/DQB1*03:01 protein complex
MRO:hla-dqa1*05:01-dqb1*03:02-protein-complex	HLA-DQA1*05:01/DQB1*03:02 protein complex
MRO:hla-dqa1*05:01-dqb1*03:03-protein-complex	HLA-DQA1*05:01/DQB1*03:03 protein complex
MRO:hla-dqa1*05:01-dqb1*04:02-protein-complex	HLA-DQA1*05:01/DQB1*04:02 protein complex
MRO:hla-dqa1*05:05-dqb1*03:01-protein-complex	HLA-DQA1*05:05/DQB1*03:01 protein complex
MRO:hla-dqa1*06:01-dqb1*04:02-protein-complex	HLA-DQA1*06:01/DQB1*04:02 protein complex
MRO:hla-dqb*03:02-protein-complex	HLA-DQB*03:02 protein complex
MRO:hla-dqb1*02:01-protein-complex	HLA-DQB1*02:01 protein complex
MRO:hla-dqb1*02:02-protein-complex	HLA-DQB1*02:02 protein complex
MRO:hla-dqb1*03:01-protein-complex	HLA-DQB1*03:01 protein complex
MRO:hla-dqb1*03:02-protein-complex	HLA-DQB1*03:02 protein complex
MRO:hla-dqb1*03:03-protein-complex	HLA-DQB1*03:03 protein complex
MRO:hla-dqb1*03:04-protein-complex	HLA-DQB1*03:04 protein complex
MRO:hla-dqb1*03:05-protein-complex	HLA-DQB1*03:05 protein complex
MRO:hla-dqb1*03:19-protein-complex	HLA-DQB1*03:19 protein complex
MRO:hla-dqb1*04:01-protein-complex	HLA-DQB1*04:01 protein complex
MRO:hla-dqb1*04:02-protein-complex	HLA-DQB1*04:02 protein complex
MRO:hla-dqb1*05:01-protein-complex	HLA-DQB1*05:01 protein complex
MRO:hla-dqb1*05:02-protein-complex	HLA-DQB1*05:02 protein complex
MRO:hla-dqb1*05:03-protein-complex	HLA-DQB1*05:03 protein complex
MRO:hla-dqb1*06:01-protein-complex	HLA-DQB1*06:01 protein complex
MRO:hla-dqb1*06:02-protein-complex	HLA-DQB1*06:02 protein complex
MRO:hla-dqb1*06:03-protein-complex	HLA-DQB1*06:03 protein complex
MRO:hla-dqb1*06:04-protein-complex	HLA-DQB1*06:04 protein complex
MRO:hla-dqb1*06:05-protein-complex	HLA-DQB1*06:05 protein complex
MRO:hla-dqb1*06:09-protein-complex	HLA-DQB1*06:09 protein complex
MRO:hla-dra*01:01-drb1*01:01-protein-complex	HLA-DRA*01:01/DRB1*01:01 protein complex
MRO:hla-dra*01:01-drb1*03:01-protein-complex	HLA-DRA*01:01/DRB1*03:01 protein complex
MRO:hla-dra*01:01-drb1*04:01-protein-complex	HLA-DRA*01:01/DRB1*04:01 protein complex
MRO:hla-dra*01:01-drb1*04:04-protein-complex	HLA-DRA*01:01/DRB1*04:04 protein complex
MRO:hla-dra*01:01-drb1*07:01-protein-complex	HLA-DRA*01:01/DRB1*07:01 protein complex
MRO:hla-dra*01:01-drb1*08:01-protein-complex	HLA-DRA*01:01/DRB1*08:01 protein complex
MRO:hla-dra*01:01-drb1*09:01-protein-complex	HLA-DRA*01:01/DRB1*09:01 protein complex
MRO:hla-dra*01:01-drb1*11:01-protein-complex	HLA-DRA*01:01/DRB1*11:01 protein complex
MRO:hla-dra*01:01-drb1*13:01-protein-complex	HLA-DRA*01:01/DRB1*13:01 protein complex
MRO:hla-dra*01:01-drb1*13:02-protein-complex	HLA-DRA*01:01/DRB1*13:02 protein complex
MRO:hla-dra*01:01-drb1*14:54-protein-complex	HLA-DRA*01:01/DRB1*14:54 protein complex
MRO:hla-dra*01:01-drb1*15:01-protein-complex	HLA-DRA*01:01/DRB1*15:01 protein complex
MRO:hla-dra*01:01-drb3*01:01-protein-complex	HLA-DRA*01:01/DRB3*01:01 protein complex
MRO:hla-dra*01:01-drb3*02:02-protein-complex	HLA-DRA*01:01/DRB3*02:02 protein complex
MRO:hla-dra*01:01-drb3*03:01-protein-complex	HLA-DRA*01:01/DRB3*03:01 protein complex
MRO:hla-dra*01:01-drb4*01:01-protein-complex	HLA-DRA*01:01/DRB4*01:01 protein complex
MRO:hla-dra*01:01-drb4*01:03-protein-complex	HLA-DRA*01:01/DRB4*01:03 protein complex
MRO:hla-dra*01:01-drb5*01:01-protein-complex	HLA-DRA*01:01/DRB5*01:01 protein complex
MRO:hla-dra*01:02-drb1*03:01-protein-complex	HLA-DRA*01:02/DRB1*03:01 protein complex
MRO:hla-dra*01:02-drb1*13:01-protein-complex	HLA-DRA*01:02/DRB1*13:01 protein complex
MRO:hla-dra*01:02-drb3*01:01-protein-complex	HLA-DRA*01:02/DRB3*01:01 protein complex
MRO:hla-dra*01:02-drb3*02:02-protein-complex	HLA-DRA*01:02/DRB3*02:02 protein complex
MRO:hla-drb1-protein-complex	HLA-DRB1 protein complex
MRO:hla-drb1*01:01-protein-complex	HLA-DRB1*01:01 protein complex
MRO:hla-drb1*01:02-protein-complex	HLA-DRB1*01:02 protein complex
MRO:hla-drb1*01:03-protein-complex	HLA-DRB1*01:03 protein complex
MRO:hla-drb1*01:04-protein-complex	HLA-DRB1*01:04 protein complex
MRO:hla-drb1*01:07-protein-complex	HLA-DRB1*01:07 protein complex
MRO:hla-drb1*03:01-protein-complex	HLA-DRB1*03:01 protein complex
MRO:hla-drb1*03:02-protein-complex	HLA-DRB1*03:02 protein complex
MRO:hla-drb1*03:03-protein-complex	HLA-DRB1*03:03 protein complex
MRO:hla-drb1*03:04-protein-complex	HLA-DRB1*03:04 protein complex
MRO:hla-drb1*03:05-protein-complex	HLA-DRB1*03:05 protein complex
MRO:hla-drb1*03:11-protein-complex	HLA-DRB1*03:11 protein complex
MRO:hla-drb1*04:01-protein-complex	HLA-DRB1*04:01 protein complex
MRO:hla-drb1*04:02-protein-complex	HLA-DRB1*04:02 protein complex
MRO:hla-drb1*04:03-protein-complex	HLA-DRB1*04:03 protein complex
MRO:hla-drb1*04:04-protein-complex	HLA-DRB1*04:04 protein complex
MRO:hla-drb1*04:05-protein-complex	HLA-DRB1*04:05 protein complex
MRO:hla-drb1*04:06-protein-complex	HLA-DRB1*04:06 protein complex
MRO:hla-drb1*04:07-protein-complex	HLA-DRB1*04:07 protein complex
MRO:hla-drb1*04:08-protein-complex	HLA-DRB1*04:08 protein complex
MRO:hla-drb1*04:10-protein-complex	HLA-DRB1*04:10 protein complex
MRO:hla-drb1*04:11-protein-complex	HLA-DRB1*04:11 protein complex
MRO:hla-drb1*07:01-protein-complex	HLA-DRB1*07:01 protein complex
MRO:hla-drb1*07:03-protein-complex	HLA-DRB1*07:03 protein complex
MRO:hla-drb1*08:01-protein-complex	HLA-DRB1*08:01 protein complex
MRO:hla-drb1*08:02-protein-complex	HLA-DRB1*08:02 protein complex
MRO:hla-drb1*08:03-protein-complex	HLA-DRB1*08:03 protein complex
MRO:hla-drb1*08:04-protein-complex	HLA-DRB1*08:04 protein complex
MRO:hla-drb1*08:18-protein-complex	HLA-DRB1*08:18 protein complex
MRO:hla-drb1*08:20-protein-complex	HLA-DRB1*08:20 protein complex
MRO:hla-drb1*09:01-protein-complex	HLA-DRB1*09:01 protein complex
MRO:hla-drb1*10:01-protein-complex	HLA-DRB1*10:01 protein complex
MRO:hla-drb1*11:01-protein-complex	HLA-DRB1*11:01 protein complex
MRO:hla-drb1*11:02-protein-complex	HLA-DRB1*11:02 protein complex
MRO:hla-drb1*11:03-protein-complex	HLA-DRB1*11:03 protein complex
MRO:hla-drb1*11:04-protein-complex	HLA-DRB1*11:04 protein complex
MRO:hla-drb1*12:01-protein-complex	HLA-DRB1*12:01 protein complex
MRO:hla-drb1*12:02-protein-complex	HLA-DRB1*12:02 protein complex
MRO:hla-drb1*13:01-protein-complex	HLA-DRB1*13:01 protein complex
MRO:hla-drb1*13:02-protein-complex	HLA-DRB1*13:02 protein complex
MRO:hla-drb1*13:03-protein-complex	HLA-DRB1*13:03 protein complex
MRO:hla-drb1*13:04-protein-complex	HLA-DRB1*13:04 protein complex
MRO:hla-drb1*13:05-protein-complex	HLA-DRB1*13:05 protein complex
MRO:hla-drb1*13:07-protein-complex	HLA-DRB1*13:07 protein complex
MRO:hla-drb1*13:15-protein-complex	HLA-DRB1*13:15 protein complex
MRO:hla-drb1*13:68-protein-complex	HLA-DRB1*13:68 protein complex
MRO:hla-drb1*14:01-protein-complex	HLA-DRB1*14:01 protein complex
MRO:hla-drb1*14:02-protein-complex	HLA-DRB1*14:02 protein complex
MRO:hla-drb1*14:04-protein-complex	HLA-DRB1*14:04 protein complex
MRO:hla-drb1*14:05-protein-complex	HLA-DRB1*14:05 protein complex
MRO:hla-drb1*14:09-protein-complex	HLA-DRB1*14:09 protein complex
MRO:hla-drb1*14:10-protein-complex	HLA-DRB1*14:10 protein complex
MRO:hla-drb1*14:54-protein-complex	HLA-DRB1*14:54 protein complex
MRO:hla-drb1*15:01-protein-complex	HLA-DRB1*15:01 protein complex
MRO:hla-drb1*15:02-protein-complex	HLA-DRB1*15:02 protein complex
MRO:hla-drb1*15:03-protein-complex	HLA-DRB1*15:03 protein complex
MRO:hla-drb1*15:04-protein-complex	HLA-DRB1*15:04 protein complex
MRO:hla-drb1*16:01-protein-complex	HLA-DRB1*16:01 protein complex
MRO:hla-drb1*16:02-protein-complex	HLA-DRB1*16:02 protein complex
MRO:hla-drb3-protein-complex	HLA-DRB3 protein complex
MRO:hla-drb3*01:01-protein-complex	HLA-DRB3*01:01 protein complex
MRO:hla-drb3*02:01-protein-complex	HLA-DRB3*02:01 protein complex
MRO:hla-drb3*02:02-protein-complex	HLA-DRB3*02:02 protein complex
MRO:hla-drb3*03:01-protein-complex	HLA-DRB3*03:01 protein complex
MRO:hla-drb4-protein-complex	HLA-DRB4 protein complex
MRO:hla-drb4*01:01-protein-complex	HLA-DRB4*01:01 protein complex
MRO:hla-drb4*01:02-protein-complex	HLA-DRB4*01:02 protein complex
MRO:hla-drb4*01:03-protein-complex	HLA-DRB4*01:03 protein complex
MRO:hla-drb5-protein-complex	HLA-DRB5 protein complex
MRO:hla-drb5*01:01-protein-complex	HLA-DRB5*01:01 protein complex
MRO:hla-drb5*01:02-protein-complex	HLA-DRB5*01:02 protein complex
MRO:hla-drb5*02:02-protein-complex	HLA-DRB5*02:02 protein complex
MRO:hla-e-protein-complex	HLA-E protein complex
MRO:hla-e*01:01-protein-complex	HLA-E*01:01 protein complex
MRO:hla-e*01:03-protein-complex	HLA-E*01:03 protein complex
MRO:hla-g-protein-complex	HLA-G protein complex
MRO:hla-g*01:01-protein-complex	HLA-G*01:01 protein complex
MRO:mhc-class-i-protein-complex	MHC class I protein complex
MRO:mhc-class-ii-protein-complex	MHC class II protein complex
MRO:mamu-a-protein-complex	Mamu-A protein complex
MRO:mamu-a*01-protein-complex	Mamu-A*01 protein complex
MRO:mamu-a*02-protein-complex	Mamu-A*02 protein complex
MRO:mamu-a*08-protein-complex	Mamu-A*08 protein complex
MRO:mamu-a*11-protein-complex	Mamu-A*11 protein complex
MRO:mamu-b-protein-complex	Mamu-B protein complex
MRO:mamu-b*01-protein-complex	Mamu-B*01 protein complex
MRO:mamu-b*029-protein-complex	Mamu-B*029 protein complex
MRO:mamu-b*03-protein-complex	Mamu-B*03 protein complex
MRO:mamu-b*04-protein-complex	Mamu-B*04 protein complex
MRO:mamu-b*08-protein-complex	Mamu-B*08 protein complex
MRO:mamu-b*12-protein-complex	Mamu-B*12 protein complex
MRO:mamu-b*17-protein-complex	Mamu-B*17 protein complex
MRO:mamu-dp-protein-complex	Mamu-DP protein complex
MRO:mamu-dpb1*01:01-protein-complex	Mamu-DPB1*01:01 protein complex
MRO:mamu-dr-protein-complex	Mamu-DR protein complex
MRO:mamu-drb*w2:01-protein-complex	Mamu-DRB*w2:01 protein complex
MRO:mamu-drb1*03:03-protein-complex	Mamu-DRB1*03:03 protein complex
MRO:mamu-drb1*03:06-protein-complex	Mamu-DRB1*03:06 protein complex
MRO:mamu-drb1*03:08-protein-complex	Mamu-DRB1*03:08 protein complex
MRO:mamu-drb1*04:06-protein-complex	Mamu-DRB1*04:06 protein complex
MRO:papa-a-protein-complex	Papa-A protein complex
MRO:papa-a*06:01-protein-complex	Papa-A*06:01 protein complex
MRO:patr-a-protein-complex	Patr-A protein complex
MRO:patr-a*01:01-protein-complex	Patr-A*01:01 protein complex
MRO:patr-a*03:01-protein-complex	Patr-A*03:01 protein complex
MRO:patr-a*04:01-protein-complex	Patr-A*04:01 protein complex
MRO:patr-a*04:02-protein-complex	Patr-A*04:02 protein complex
MRO:patr-a*05:01-protein-complex	Patr-A*05:01 protein complex
MRO:patr-a*06:01-protein-complex	Patr-A*06:01 protein complex
MRO:patr-a*06:02-protein-complex	Patr-A*06:02 protein complex
MRO:patr-a*07:01-protein-complex	Patr-A*07:01 protein complex
MRO:patr-a*09:01-protein-complex	Patr-A*09:01 protein complex
MRO:patr-a*11:01-protein-complex	Patr-A*11:01 protein complex
MRO:patr-a*14:01-protein-complex	Patr-A*14:01 protein complex
MRO:patr-al-protein-complex	Patr-AL protein complex
MRO:patr-b-protein-complex	Patr-B protein complex
MRO:patr-b*01:01-protein-complex	Patr-B*01:01 protein complex
MRO:patr-b*02:01-protein-complex	Patr-B*02:01 protein complex
MRO:patr-b*03:01-protein-complex	Patr-B*03:01 protein complex
MRO:patr-b*03:02-protein-complex	Patr-B*03:02 protein complex
MRO:patr-b*04:01-protein-complex	Patr-B*04:01 protein complex
MRO:patr-b*05:01-protein-complex	Patr-B*05:01 protein complex
MRO:patr-b*09:01-protein-complex	Patr-B*09:01 protein complex
MRO:patr-b*13:01-protein-complex	Patr-B*13:01 protein complex
MRO:patr-b*14:01-protein-complex	Patr-B*14:01 protein complex
MRO:patr-b*16:01-protein-complex	Patr-B*16:01 protein complex
MRO:patr-b*16:02-protein-complex	Patr-B*16:02 protein complex
MRO:patr-b*17:01-protein-complex	Patr-B*17:01 protein complex
MRO:patr-b*20:01-protein-complex	Patr-B*20:01 protein complex
MRO:patr-b*23:01-protein-complex	Patr-B*23:01 protein complex
MRO:patr-b*23:02-protein-complex	Patr-B*23:02 protein complex
MRO:patr-b*24:01-protein-complex	Patr-B*24:01 protein complex
MRO:patr-c-protein-complex	Patr-C protein complex
MRO:patr-c*02:03-protein-complex	Patr-C*02:03 protein complex
MRO:patr-c*04:01-protein-complex	Patr-C*04:01 protein complex
MRO:patr-c*05:02-protein-complex	Patr-C*05:02 protein complex
MRO:patr-c*06:01-protein-complex	Patr-C*06:01 protein complex
MRO:patr-dr-protein-complex	Patr-DR protein complex
MRO:patr-drb1*03:08-protein-complex	Patr-DRB1*03:08 protein complex
MRO:patr-drb1*07:01-protein-complex	Patr-DRB1*07:01 protein complex
MRO:patr-drb1*10:01-protein-complex	Patr-DRB1*10:01 protein complex
MRO:patr-drb5*03:10-protein-complex	Patr-DRB5*03:10 protein complex
MRO:sla-1-protein-complex	SLA-1 protein complex
MRO:sla-1*0401-protein-complex	SLA-1*0401 protein complex
MRO:sla-1*1502-protein-complex	SLA-1*1502 protein complex
MRO:sla-2-protein-complex	SLA-2 protein complex
MRO:sla-2*0401-protein-complex	SLA-2*0401 protein complex
MRO:saoe-g-protein-complex	Saoe-G protein complex
MRO:saoe-g*02-protein-complex	Saoe-G*02 protein complex
MRO:saoe-g*04-protein-complex	Saoe-G*04 protein complex
MRO:saoe-g*08-protein-complex	Saoe-G*08 protein complex
MRO:saoe-g*12-protein-complex	Saoe-G*12 protein complex
MRO:yf1w*7.1-protein-complex	YF1w*7.1 protein complex
MRO:bonobo-mhc-class-i-protein-complex	bonobo MHC class I protein complex
MRO:cattle-cd1b3-protein-complex	cattle CD1b3 protein complex
MRO:cattle-cd1d-protein-complex	cattle CD1d protein complex
MRO:cattle-mhc-class-i-protein-complex	cattle MHC class I protein complex
MRO:cattle-mhc-class-ii-protein-complex	cattle MHC class II protein complex
MRO:cattle-mr1-protein-complex	cattle MR1 protein complex
MRO:cattle-non-classical-mhc-protein-complex	cattle non-classical MHC protein complex
MRO:chicken-cd1-1-protein-complex	chicken CD1-1 protein complex
MRO:chicken-cd1-2-protein-complex	chicken CD1-2 protein complex
MRO:chicken-mhc-class-i-protein-complex	chicken MHC class I protein complex
MRO:chicken-non-classical-mhc-protein-complex	chicken non-classical MHC protein complex
MRO:chimpanzee-mhc-class-i-protein-complex	chimpanzee MHC class I protein complex
MRO:chimpanzee-mhc-class-ii-protein-complex	chimpanzee MHC class II protein complex
MRO:chimpanzee-non-classical-mhc-protein-complex	chimpanzee non-classical MHC protein complex
MRO:cotton-top-tamarin-mhc-class-i-protein-complex	cotton-top tamarin MHC class I protein complex
MRO:dog-mhc-class-i-protein-complex	dog MHC class I protein complex
MRO:gorilla-mhc-class-i-protein-complex	gorilla MHC class I protein complex
MRO:horse-mhc-class-i-protein-complex	horse MHC class I protein complex
MRO:human-btn3a1-protein-complex	human BTN3A1 protein complex
MRO:human-cd1a-protein-complex	human CD1a protein complex
MRO:human-cd1b-protein-complex	human CD1b protein complex
MRO:human-cd1c-protein-complex	human CD1c protein complex
MRO:human-cd1d-protein-complex	human CD1d protein complex
MRO:human-mhc-class-i-protein-complex	human MHC class I protein complex
MRO:human-mhc-class-ii-protein-complex	human MHC class II protein complex
MRO:human-mr1-k43a-mutant-protein-complex	human MR1 K43A mutant protein complex
MRO:human-mr1-protein-complex	human MR1 protein complex
MRO:human-non-classical-mhc-protein-complex	human non-classical MHC protein complex
MRO:mouse-cd1d-protein-complex	mouse CD1d protein complex
MRO:mouse-mhc-class-i-protein-complex	mouse MHC class I protein complex
MRO:mouse-mhc-class-ii-protein-complex	mouse MHC class II protein complex
MRO:mouse-mr1-protein-complex	mouse MR1 protein complex
MRO:mouse-non-classical-mhc-protein-complex	mouse non-classical MHC protein complex
MRO:non-classical-mhc-protein-complex	non-classical MHC protein complex
MRO:pig-mhc-class-i-protein-complex	pig MHC class I protein complex
MRO:rhesus-macaque-mhc-class-i-protein-complex	rhesus macaque MHC class I protein complex
MRO:rhesus-macaque-mhc-class-ii-protein-complex	rhesus macaque MHC class II protein complex
MRO:bf-protein-complex-with-b12-haplotype	BF protein complex with B12 haplotype
MRO:bf-protein-complex-with-b14-haplotype	BF protein complex with B14 haplotype
MRO:bf-protein-complex-with-b15-haplotype	BF protein complex with B15 haplotype
MRO:bf-protein-complex-with-b19-haplotype	BF protein complex with B19 haplotype
MRO:bf-protein-complex-with-b2-haplotype	BF protein complex with B2 haplotype
MRO:bf-protein-complex-with-b21-haplotype	BF protein complex with B21 haplotype
MRO:bf-protein-complex-with-b4-haplotype	BF protein complex with B4 haplotype
MRO:bf-protein-complex-with-bf19-haplotype	BF protein complex with BF19 haplotype
MRO:bf-protein-complex-with-bf21-haplotype	BF protein complex with BF21 haplotype
MRO:bf-protein-complex-with-yf1-haplotype	BF protein complex with YF1 haplotype
MRO:bola-protein-complex-with-dh22b-haplotype	BoLA protein complex with DH22B haplotype
MRO:bola-protein-complex-with-dh7a-haplotype	BoLA protein complex with DH7A haplotype
MRO:bola-protein-complex-with-dh8a-haplotype	BoLA protein complex with DH8A haplotype
MRO:ela-protein-complex-with-a1-haplotype	ELA protein complex with A1 haplotype
MRO:ela-protein-complex-with-a3-haplotype	ELA protein complex with A3 haplotype
MRO:ela-protein-complex-with-a4-haplotype	ELA protein complex with A4 haplotype
MRO:ela-protein-complex-with-a5-haplotype	ELA protein complex with A5 haplotype
MRO:ela-protein-complex-with-a6-haplotype	ELA protein complex with A6 haplotype
MRO:ela-protein-complex-with-a7-haplotype	ELA protein complex with A7 haplotype
MRO:ela-protein-complex-with-a8-haplotype	ELA protein complex with A8 haplotype
MRO:ela-protein-complex-with-a9-haplotype	ELA protein complex with A9 haplotype
MRO:ela-protein-complex-with-w11-haplotype	ELA protein complex with W11 haplotype
MRO:h-2-protein-complex-with-h-2-a-haplotype	H-2 protein complex with H-2-a haplotype
MRO:h-2-protein-complex-with-h-2-b-haplotype	H-2 protein complex with H-2-b haplotype
MRO:h-2-protein-complex-with-h-2-d-haplotype	H-2 protein complex with H-2-d haplotype
MRO:h-2-protein-complex-with-h-2-f-haplotype	H-2 protein complex with H-2-f haplotype
MRO:h-2-protein-complex-with-h-2-g7-haplotype	H-2 protein complex with H-2-g7 haplotype
MRO:h-2-protein-complex-with-h-2-i-haplotype	H-2 protein complex with H-2-i haplotype
MRO:h-2-protein-complex-with-h-2-i3-haplotype	H-2 protein complex with H-2-i3 haplotype
MRO:h-2-protein-complex-with-h-2-k-haplotype	H-2 protein complex with H-2-k haplotype
MRO:h-2-protein-complex-with-h-2-p-haplotype	H-2 protein complex with H-2-p haplotype
MRO:h-2-protein-complex-with-h-2-q-haplotype	H-2 protein complex with H-2-q haplotype
MRO:h-2-protein-complex-with-h-2-r-haplotype	H-2 protein complex with H-2-r haplotype
MRO:h-2-protein-complex-with-h-2-s-haplotype	H-2 protein complex with H-2-s haplotype
MRO:h-2-protein-complex-with-h-2-u-haplotype	H-2 protein complex with H-2-u haplotype
MRO:h-2-protein-complex-with-h-2-v-haplotype	H-2 protein complex with H-2-v haplotype
MRO:h-2-protein-complex-with-h-2-wm-haplotype	H-2 protein complex with H-2-wm haplotype
MRO:h-2-protein-complex-with-h-2-z-haplotype	H-2 protein complex with H-2-z haplotype
MRO:h-2-protein-complex-with-h-2-z-d-haplotype	H-2 protein complex with H-2-z/d haplotype
MRO:rt1-protein-complex-with-rt1-a-haplotype	RT1 protein complex with RT1-a haplotype
MRO:rt1-protein-complex-with-rt1-av1-haplotype	RT1 protein complex with RT1-av1 haplotype
MRO:rt1-protein-complex-with-rt1-k-haplotype	RT1 protein complex with RT1-k haplotype
MRO:rt1-protein-complex-with-rt1-n-haplotype	RT1 protein complex with RT1-n haplotype
MRO:rt1-protein-complex-with-rt1-u-haplotype	RT1 protein complex with RT1-u haplotype
MRO:rt1-protein-complex-with-rt11-haplotype	RT1 protein complex with RT11 haplotype
MRO:rt1-protein-complex-with-rt11v1-haplotype	RT1 protein complex with RT11v1 haplotype
MRO:rt1-protein-complex-with-rt1a-haplotype	RT1 protein complex with RT1A haplotype
MRO:rt1-protein-complex-with-rt1b1-haplotype	RT1 protein complex with RT1B1 haplotype
MRO:sla-protein-complex-with-z-haplotype	SLA protein complex with z haplotype
MRO:cattle-mhc-protein-complex-with-haplotype	cattle MHC protein complex with haplotype
MRO:chicken-mhc-protein-complex-with-haplotype	chicken MHC protein complex with haplotype
MRO:horse-mhc-protein-complex-with-haplotype	horse MHC protein complex with haplotype
MRO:mouse-mhc-protein-complex-with-haplotype	mouse MHC protein complex with haplotype
MRO:pig-mhc-protein-complex-with-haplotype	pig MHC protein complex with haplotype
MRO:rat-mhc-protein-complex-with-haplotype	rat MHC protein complex with haplotype
MRO:bola-protein-complex-with-a10-serotype	BoLA protein complex with A10 serotype
MRO:bola-protein-complex-with-a11-serotype	BoLA protein complex with A11 serotype
MRO:bola-protein-complex-with-a14-serotype	BoLA protein complex with A14 serotype
MRO:bola-protein-complex-with-a18-serotype	BoLA protein complex with A18 serotype
MRO:bola-protein-complex-with-a31-serotype	BoLA protein complex with A31 serotype
MRO:hla-protein-complex-with-a1-serotype	HLA protein complex with A1 serotype
MRO:hla-protein-complex-with-a11-serotype	HLA protein complex with A11 serotype
MRO:hla-protein-complex-with-a2-serotype	HLA protein complex with A2 serotype
MRO:hla-protein-complex-with-a203-serotype	HLA protein complex with A203 serotype
MRO:hla-protein-complex-with-a23-serotype	HLA protein complex with A23 serotype
MRO:hla-protein-complex-with-a24-serotype	HLA protein complex with A24 serotype
MRO:hla-protein-complex-with-a2403-serotype	HLA protein complex with A2403 serotype
MRO:hla-protein-complex-with-a25-serotype	HLA protein complex with A25 serotype
MRO:hla-protein-complex-with-a26-serotype	HLA protein complex with A26 serotype
MRO:hla-protein-complex-with-a28-serotype	HLA protein complex with A28 serotype
MRO:hla-protein-complex-with-a29-serotype	HLA protein complex with A29 serotype
MRO:hla-protein-complex-with-a3-serotype	HLA protein complex with A3 serotype
MRO:hla-protein-complex-with-a30-serotype	HLA protein complex with A30 serotype
MRO:hla-protein-complex-with-a31-serotype	HLA protein complex with A31 serotype
MRO:hla-protein-complex-with-a32-serotype	HLA protein complex with A32 serotype
MRO:hla-protein-complex-with-a33-serotype	HLA protein complex with A33 serotype
MRO:hla-protein-complex-with-a34-serotype	HLA protein complex with A34 serotype
MRO:hla-protein-complex-with-a66-serotype	HLA protein complex with A66 serotype
MRO:hla-protein-complex-with-a68-serotype	HLA protein complex with A68 serotype
MRO:hla-protein-complex-with-a69-serotype	HLA protein complex with A69 serotype
MRO:hla-protein-complex-with-a74-serotype	HLA protein complex with A74 serotype
MRO:hla-protein-complex-with-a80-serotype	HLA protein complex with A80 serotype
MRO:hla-protein-complex-with-b12-serotype	HLA protein complex with B12 serotype
MRO:hla-protein-complex-with-b13-serotype	HLA protein complex with B13 serotype
MRO:hla-protein-complex-with-b14-serotype	HLA protein complex with B14 serotype
MRO:hla-protein-complex-with-b15-serotype	HLA protein complex with B15 serotype
MRO:hla-protein-complex-with-b16-serotype	HLA protein complex with B16 serotype
MRO:hla-protein-complex-with-b17-serotype	HLA protein complex with B17 serotype
MRO:hla-protein-complex-with-b18-serotype	HLA protein complex with B18 serotype
MRO:hla-protein-complex-with-b27-serotype	HLA protein complex with B27 serotype
MRO:hla-protein-complex-with-b35-serotype	HLA protein complex with B35 serotype
MRO:hla-protein-complex-with-b37-serotype	HLA protein complex with B37 serotype
MRO:hla-protein-complex-with-b38-serotype	HLA protein complex with B38 serotype
MRO:hla-protein-complex-with-b39-serotype	HLA protein complex with B39 serotype
MRO:hla-protein-complex-with-b3901-serotype	HLA protein complex with B3901 serotype
MRO:hla-protein-complex-with-b40-serotype	HLA protein complex with B40 serotype
MRO:hla-protein-complex-with-b41-serotype	HLA protein complex with B41 serotype
MRO:hla-protein-complex-with-b42-serotype	HLA protein complex with B42 serotype
MRO:hla-protein-complex-with-b44-serotype	HLA protein complex with B44 serotype
MRO:hla-protein-complex-with-b45-serotype	HLA protein complex with B45 serotype
MRO:hla-protein-complex-with-b46-serotype	HLA protein complex with B46 serotype
MRO:hla-protein-complex-with-b47-serotype	HLA protein complex with B47 serotype
MRO:hla-protein-complex-with-b48-serotype	HLA protein complex with B48 serotype
MRO:hla-protein-complex-with-b49-serotype	HLA protein complex with B49 serotype
MRO:hla-protein-complex-with-b50-serotype	HLA protein complex with B50 serotype
MRO:hla-protein-complex-with-b51-serotype	HLA protein complex with B51 serotype
MRO:hla-protein-complex-with-b5102-serotype	HLA protein complex with B5102 serotype
MRO:hla-protein-complex-with-b52-serotype	HLA protein complex with B52 serotype
MRO:hla-protein-complex-with-b53-serotype	HLA protein complex with B53 serotype
MRO:hla-protein-complex-with-b54-serotype	HLA protein complex with B54 serotype
MRO:hla-protein-complex-with-b55-serotype	HLA protein complex with B55 serotype
MRO:hla-protein-complex-with-b56-serotype	HLA protein complex with B56 serotype
MRO:hla-protein-complex-with-b57-serotype	HLA protein complex with B57 serotype
MRO:hla-protein-complex-with-b58-serotype	HLA protein complex with B58 serotype
MRO:hla-protein-complex-with-b60-serotype	HLA protein complex with B60 serotype
MRO:hla-protein-complex-with-b61-serotype	HLA protein complex with B61 serotype
MRO:hla-protein-complex-with-b62-serotype	HLA protein complex with B62 serotype
MRO:hla-protein-complex-with-b63-serotype	HLA protein complex with B63 serotype
MRO:hla-protein-complex-with-b65-serotype	HLA protein complex with B65 serotype
MRO:hla-protein-complex-with-b7-serotype	HLA protein complex with B7 serotype
MRO:hla-protein-complex-with-b70-serotype	HLA protein complex with B70 serotype
MRO:hla-protein-complex-with-b71-serotype	HLA protein complex with B71 serotype
MRO:hla-protein-complex-with-b73-serotype	HLA protein complex with B73 serotype
MRO:hla-protein-complex-with-b75-serotype	HLA protein complex with B75 serotype
MRO:hla-protein-complex-with-b77-serotype	HLA protein complex with B77 serotype
MRO:hla-protein-complex-with-b8-serotype	HLA protein complex with B8 serotype
MRO:hla-protein-complex-with-b81-serotype	HLA protein complex with B81 serotype
MRO:hla-protein-complex-with-bw4-serotype	HLA protein complex with Bw4 serotype
MRO:hla-protein-complex-with-cw1-serotype	HLA protein complex with Cw1 serotype
MRO:hla-protein-complex-with-cw10-serotype	HLA protein complex with Cw10 serotype
MRO:hla-protein-complex-with-cw12-serotype	HLA protein complex with Cw12 serotype
MRO:hla-protein-complex-with-cw15-serotype	HLA protein complex with Cw15 serotype
MRO:hla-protein-complex-with-cw16-serotype	HLA protein complex with Cw16 serotype
MRO:hla-protein-complex-with-cw2-serotype	HLA protein complex with Cw2 serotype
MRO:hla-protein-complex-with-cw3-serotype	HLA protein complex with Cw3 serotype
MRO:hla-protein-complex-with-cw4-serotype	HLA protein complex with Cw4 serotype
MRO:hla-protein-complex-with-cw5-serotype	HLA protein complex with Cw5 serotype
MRO:hla-protein-complex-with-cw6-serotype	HLA protein complex with Cw6 serotype
MRO:hla-protein-complex-with-cw7-serotype	HLA protein complex with Cw7 serotype
MRO:hla-protein-complex-with-cw8-serotype	HLA protein complex with Cw8 serotype
MRO:hla-protein-complex-with-cw9-serotype	HLA protein complex with Cw9 serotype
MRO:hla-protein-complex-with-dp1-serotype	HLA protein complex with DP1 serotype
MRO:hla-protein-complex-with-dp4-serotype	HLA protein complex with DP4 serotype
MRO:hla-protein-complex-with-dp5-serotype	HLA protein complex with DP5 serotype
MRO:hla-protein-complex-with-dp9-serotype	HLA protein complex with DP9 serotype
MRO:hla-protein-complex-with-dpw1-serotype	HLA protein complex with DPw1 serotype
MRO:hla-protein-complex-with-dpw2-serotype	HLA protein complex with DPw2 serotype
MRO:hla-protein-complex-with-dpw3-serotype	HLA protein complex with DPw3 serotype
MRO:hla-protein-complex-with-dpw4-serotype	HLA protein complex with DPw4 serotype
MRO:hla-protein-complex-with-dpw5-serotype	HLA protein complex with DPw5 serotype
MRO:hla-protein-complex-with-dpw6-serotype	HLA protein complex with DPw6 serotype
MRO:hla-protein-complex-with-dq1-serotype	HLA protein complex with DQ1 serotype
MRO:hla-protein-complex-with-dq2-serotype	HLA protein complex with DQ2 serotype
MRO:hla-protein-complex-with-dq2.3-serotype	HLA protein complex with DQ2.3 serotype
MRO:hla-protein-complex-with-dq3-serotype	HLA protein complex with DQ3 serotype
MRO:hla-protein-complex-with-dq3.33-serotype	HLA protein complex with DQ3.33 serotype
MRO:hla-protein-complex-with-dq3t12-serotype	HLA protein complex with DQ3t12 serotype
MRO:hla-protein-complex-with-dq4-serotype	HLA protein complex with DQ4 serotype
MRO:hla-protein-complex-with-dq5-serotype	HLA protein complex with DQ5 serotype
MRO:hla-protein-complex-with-dq6-serotype	HLA protein complex with DQ6 serotype
MRO:hla-protein-complex-with-dq7-serotype	HLA protein complex with DQ7 serotype
MRO:hla-protein-complex-with-dq8-serotype	HLA protein complex with DQ8 serotype
MRO:hla-protein-complex-with-dq9-serotype	HLA protein complex with DQ9 serotype
MRO:hla-protein-complex-with-dq9.2-serotype	HLA protein complex with DQ9.2 serotype
MRO:hla-protein-complex-with-dr1-serotype	HLA protein complex with DR1 serotype
MRO:hla-protein-complex-with-dr10-serotype	HLA protein complex with DR10 serotype
MRO:hla-protein-complex-with-dr103-serotype	HLA protein complex with DR103 serotype
MRO:hla-protein-complex-with-dr11-serotype	HLA protein complex with DR11 serotype
MRO:hla-protein-complex-with-dr12-serotype	HLA protein complex with DR12 serotype
MRO:hla-protein-complex-with-dr13-serotype	HLA protein complex with DR13 serotype
MRO:hla-protein-complex-with-dr14-serotype	HLA protein complex with DR14 serotype
MRO:hla-protein-complex-with-dr1404-serotype	HLA protein complex with DR1404 serotype
MRO:hla-protein-complex-with-dr15-serotype	HLA protein complex with DR15 serotype
MRO:hla-protein-complex-with-dr16-serotype	HLA protein complex with DR16 serotype
MRO:hla-protein-complex-with-dr17-serotype	HLA protein complex with DR17 serotype
MRO:hla-protein-complex-with-dr18-serotype	HLA protein complex with DR18 serotype
MRO:hla-protein-complex-with-dr2-serotype	HLA protein complex with DR2 serotype
MRO:hla-protein-complex-with-dr3-serotype	HLA protein complex with DR3 serotype
MRO:hla-protein-complex-with-dr4-serotype	HLA protein complex with DR4 serotype
MRO:hla-protein-complex-with-dr5-serotype	HLA protein complex with DR5 serotype
MRO:hla-protein-complex-with-dr51-serotype	HLA protein complex with DR51 serotype
MRO:hla-protein-complex-with-dr52-serotype	HLA protein complex with DR52 serotype
MRO:hla-protein-complex-with-dr53-serotype	HLA protein complex with DR53 serotype
MRO:hla-protein-complex-with-dr6-serotype	HLA protein complex with DR6 serotype
MRO:hla-protein-complex-with-dr7-serotype	HLA protein complex with DR7 serotype
MRO:hla-protein-complex-with-dr8-serotype	HLA protein complex with DR8 serotype
MRO:hla-protein-complex-with-dr9-serotype	HLA protein complex with DR9 serotype
MRO:mhc-class-i-protein-complex-with-serotype	MHC class I protein complex with serotype
MRO:mhc-class-ii-protein-complex-with-serotype	MHC class II protein complex with serotype
MRO:mamu-protein-complex-with-dr1b-serotype	Mamu protein complex with DR1B serotype
MRO:mamu-protein-complex-with-dr2-serotype	Mamu protein complex with DR2 serotype
MRO:mamu-protein-complex-with-dr3a-serotype	Mamu protein complex with DR3A serotype
MRO:mamu-protein-complex-with-dr4-serotype	Mamu protein complex with DR4 serotype
MRO:mamu-protein-complex-with-dr6-serotype	Mamu protein complex with DR6 serotype
MRO:mamu-protein-complex-with-dr7a-serotype	Mamu protein complex with DR7A serotype
MRO:mamu-protein-complex-with-dr8-serotype	Mamu protein complex with DR8 serotype
MRO:patr-protein-complex-with-dr1-serotype	Patr protein complex with DR1 serotype
MRO:patr-protein-complex-with-dr10-serotype	Patr protein complex with DR10 serotype
MRO:patr-protein-complex-with-dr2-serotype	Patr protein complex with DR2 serotype
MRO:patr-protein-complex-with-dr3-serotype	Patr protein complex with DR3 serotype
MRO:patr-protein-complex-with-dr4-serotype	Patr protein complex with DR4 serotype
MRO:patr-protein-complex-with-dr5-serotype	Patr protein complex with DR5 serotype
MRO:patr-protein-complex-with-dr7-serotype	Patr protein complex with DR7 serotype
MRO:patr-protein-complex-with-dr8-serotype	Patr protein complex with DR8 serotype
MRO:patr-protein-complex-with-dr9-serotype	Patr protein complex with DR9 serotype
MRO:cattle-mhc-class-i-protein-complex-with-serotype	cattle MHC class I protein complex with serotype
MRO:chimpanzee-mhc-class-ii-protein-complex-with-serotype	chimpanzee MHC class II protein complex with serotype
MRO:human-mhc-class-i-protein-complex-with-serotype	human MHC class I protein complex with serotype
MRO:human-mhc-class-ii-protein-complex-with-serotype	human MHC class II protein complex with serotype
MRO:rhesus-macaque-mhc-class-ii-protein-complex-with-serotype	rhesus macaque MHC class II protein complex with serotype
MRO:h-2-db-h155a-mutant	H-2-Db H155A mutant
MRO:h-2-db-l114q,-f116y,-e119d-mutant	H-2-Db L114Q, F116Y, E119D mutant
MRO:h-2-db-q70h-mutant	H-2-Db Q70H mutant
MRO:h-2-db-y159f-mutant	H-2-Db Y159F mutant
MRO:h-2-dd-r155y,-d156y,-r169h-mutant	H-2-Dd R155Y, D156Y, R169H mutant
MRO:h-2-iab-i67f,-r70q,-t71k-mutant	H-2-IAb I67F, R70Q, T71K mutant
MRO:h-2-iag7-h56p,-s57d-mutant	H-2-IAg7 H56P, S57D mutant
MRO:h-2-iak-h9v-mutant	H-2-IAk H9V mutant
MRO:h-2-iau-v9h-mutant	H-2-IAu V9H mutant
MRO:h-2-iek-alpha-e11q,-d66n-mutant	H-2-IEk alpha E11Q, D66N mutant
MRO:h-2-kb-d77s,-k89a-mutant	H-2-Kb D77S, K89A mutant
MRO:h-2-kb-e152a,-r155y,-l156y-mutant	H-2-Kb E152A, R155Y, L156Y mutant
MRO:h-2-kb-v9w-mutant	H-2-Kb V9W mutant
MRO:h-2-kb-y22f,-m23i,-e24s,-d30n-mutant	H-2-Kb Y22F, M23I, E24S, D30N mutant
MRO:h-2-kb-y84a-mutant	H-2-Kb Y84A mutant
MRO:h-2-kb-y84c-mutant	H-2-Kb Y84C mutant
MRO:h-2-kk-d152a-mutant	H-2-Kk D152A mutant
MRO:hla-a*02:01-a150p-mutant	HLA-A*02:01 A150P mutant
MRO:hla-a*02:01-k66a-mutant	HLA-A*02:01 K66A mutant
MRO:hla-a*02:01-k66a,-e63q-mutant	HLA-A*02:01 K66A, E63Q mutant
MRO:hla-a*02:01-q155a-mutant	HLA-A*02:01 Q155A mutant
MRO:hla-a*02:01-t163a-mutant	HLA-A*02:01 T163A mutant
MRO:hla-a*02:01-w167a-mutant	HLA-A*02:01 W167A mutant
MRO:hla-b*08:01-b:i66a-mutant	HLA-B*08:01 B:I66A mutant
MRO:hla-b*08:01-n80i-mutant	HLA-B*08:01 N80I mutant
MRO:hla-b*27:05-d74y-d77n-mutant	HLA-B*27:05 D74Y D77N mutant
MRO:hla-b*27:05-l81a-mutant	HLA-B*27:05 L81A mutant
MRO:hla-b*35:08-q65a,-t69a,-q155a-mutant	HLA-B*35:08 Q65A, T69A, Q155A mutant
MRO:hla-b*57:01-i80n-mutant	HLA-B*57:01 I80N mutant
MRO:hla-b*57:01-i80t-mutant	HLA-B*57:01 I80T mutant
MRO:hla-dpa1*01:03-dpb1*02:12-e69k-mutant	HLA-DPA1*01:03/DPB1*02:12 E69K mutant
MRO:hla-dpb1*02:01-e69k-mutant	HLA-DPB1*02:01 E69K mutant
MRO:hla-dra*01:01-f54c-mutant-drb1*01:01	HLA-DRA*01:01 F54C mutant/DRB1*01:01
MRO:hla-dra*01:01-drb1*01:01-c30s-mutant	HLA-DRA*01:01/DRB1*01:01 C30S mutant
MRO:hla-dra*01:01-drb1*01:01-g86y-mutant	HLA-DRA*01:01/DRB1*01:01 G86Y mutant
MRO:hla-drb1*01:01-d57a-mutant	HLA-DRB1*01:01 D57A mutant
MRO:hla-drb1*01:01-d57a,-y60h-mutant	HLA-DRB1*01:01 D57A, Y60H mutant
MRO:hla-drb1*01:01-d57v-mutant	HLA-DRB1*01:01 D57V mutant
MRO:hla-drb1*01:01-d57v,-y60s-mutant	HLA-DRB1*01:01 D57V, Y60S mutant
MRO:hla-drb1*04:01-q110n,-k139t-mutant	HLA-DRB1*04:01 Q110N, K139T mutant
MRO:mutant-mhc-class-i-protein-complex	mutant MHC class I protein complex
MRO:mutant-mhc-class-ii-protein-complex	mutant MHC class II protein complex
MRO:mutant-human-mhc-class-i-protein-complex	mutant human MHC class I protein complex
MRO:mutant-human-mhc-class-ii-protein-complex	mutant human MHC class II protein complex
MRO:mutant-mouse-mhc-class-i-protein-complex	mutant mouse MHC class I protein complex
MRO:mutant-mouse-mhc-class-ii-protein-complex	mutant mouse MHC class II protein complex
MRO:inferred-mhc-restriction-evidence	inferred MHC restriction evidence
MRO:traceable-author-statement	inferred MHC restriction based on traceable author statement
MRO:evidence-from-mhc-ligand-assay	inferred MHC restriction based on MHC ligand assay
MRO:evidence-from-single-mhc-available-in-t-cell-assay	inferred MHC restriction based on single MHC available in T cell assay
MRO:evidence-from-set-of-mhc--available-in-t-cell-assay	inferred MHC restriction based on set of MHC  available in T cell assay
MRO:evidence-from-pattern-of-reactivity-of-same-t-cells-with-different-mhc-in-t-cell-assay	inferred MHC restriction based on pattern of reactivity of same T cells with different MHC in T cell assay
MRO:evidence-from-type-of-effector-t-cell-utilized-in-t-cell-assay	inferred MHC restriction based on type of effector T cell utilized in T cell assay
MRO:evidence-from-type-of-biological-process-measured-in-t-cell-assay	inferred MHC restriction based on type of biological process measured in T cell assay
MRO:evidence-from-pattern-of-donor-reactivity-with-different-mhc-in-t-cell-assay	inferred MHC restriction based on pattern of donor reactivity with different MHC in T cell assay
MRO:evidence-from-mhc-binding-prediction	inferred MHC restriction based on MHC binding prediction
