ID,IEDB ID
ID,A MRO:iedb-mhc-id
MRO:hla-b*56:01-protein-complex,267
MRO:hla-dqa1*01:01-protein-complex,769
MRO:hla-b*18:01-protein-complex,185
MRO:hla-protein-complex-with-b16-serotype,277
MRO:patr-a*04:01-protein-complex,400
MRO:hla-b*57:02-protein-complex,269
MRO:hla-protein-complex-with-dr15-serotype,336
MRO:hla-b*39:10-protein-complex,27
MRO:hla-protein-complex-with-b38-serotype,283
MRO:human-cd1d-protein-complex,156
MRO:hla-dqa1*01:03-dqb1*03:02-protein-complex,606
MRO:cattle-cd1b3-protein-complex,668
MRO:hla-drb1*13:07-protein-complex,773
MRO:hla-drb1*04:03-protein-complex,406
MRO:hla-b*35:01-protein-complex,195
MRO:hla-drb1*12:01-protein-complex,423
MRO:hla-drb1*11:03-protein-complex,421
MRO:patr-a*01:01-protein-complex,397
MRO:hla-b*15:13-protein-complex,263
MRO:hla-c*05:01-protein-complex,310
MRO:hla-drb1*01:01-protein-complex,52
MRO:hla-drb1*03:02-protein-complex,58
MRO:hla-b*07:02-protein-complex,251
MRO:hla-protein-complex-with-dr1-serotype,327
MRO:ela-protein-complex-with-a6-haplotype,161
MRO:hla-b*35:02-protein-complex,196
MRO:hla-protein-complex-with-dr7-serotype,350
MRO:hla-c*16:01-protein-complex,9
MRO:hla-a*30:01-protein-complex,223
MRO:hla-a*02:50-protein-complex,537
MRO:hla-dra*01:01-drb1*15:01-protein-complex,618
MRO:patr-a*06:02-protein-complex,405
MRO:hla-protein-complex-with-dpw3-serotype,80
MRO:hla-dqb1*04:02-protein-complex,320
MRO:hla-protein-complex-with-dr3-serotype,340
MRO:hla-protein-complex-with-b15-serotype,276
MRO:hla-dqa1*01:01-dqb1*05:01-protein-complex,93
MRO:hla-protein-complex-with-dr8-serotype,352
"MRO:hla-drb1*01:01-d57v,-y60s-mutant",655
MRO:ela-protein-complex-with-a4-haplotype,159
MRO:hla-b*55:02-protein-complex,266
MRO:hla-dqb1*03:04-protein-complex,586
MRO:hla-dpa1*02:01-dpb1*09:01-protein-complex,661
MRO:dla-88*50801-protein-complex,744
MRO:hla-b*27:05-d74y-d77n-mutant,680
MRO:hla-b*44:05-protein-complex,35
MRO:hla-a*29:01-protein-complex,221
MRO:patr-b*04:01-protein-complex,444
MRO:hla-dra*01:01-drb1*03:01-protein-complex,631
MRO:hla-drb4*01:03-protein-complex,365
MRO:hla-dra*01:01-drb1*11:01-protein-complex,757
MRO:hla-protein-complex-with-a2-serotype,235
MRO:hla-a*02:14-protein-complex,209
MRO:hla-dqa1*03:03-dqb1*03:01-protein-complex,659
MRO:hla-a*24:03-protein-complex,216
MRO:patr-b*13:01-protein-complex,448
MRO:hla-dpa1*02:01-dpb1*01:01-protein-complex,523
MRO:hla-drb1*04:06-protein-complex,409
MRO:hla-protein-complex-with-b7-serotype,300
MRO:hla-protein-complex-with-b57-serotype,295
MRO:hla-b*15:02-protein-complex,258
MRO:hla-b*27:20-protein-complex,640
MRO:hla-protein-complex-with-a68-serotype,249
MRO:hla-dra*01:01-drb1*01:01-protein-complex,46
MRO:hla-a*02:05-protein-complex,203
MRO:hla-protein-complex-with-a69-serotype,250
MRO:hla-drb1*01:02-protein-complex,53
"MRO:h-2-kb-e152a,-r155y,-l156y-mutant",553
MRO:hla-dqb1*06:05-protein-complex,771
MRO:hla-b*27:01-protein-complex,186
MRO:patr-a*05:01-protein-complex,402
MRO:hla-a*68:01-protein-complex,230
MRO:hla-a*32:15-protein-complex,636
MRO:hla-b*27:07-protein-complex,192
MRO:hla-protein-complex-with-a28-serotype,240
MRO:patr-b*24:01-protein-complex,457
MRO:ela-protein-complex-with-a3-haplotype,158
MRO:hla-a*02:13-protein-complex,208
MRO:patr-c*06:01-protein-complex,461
MRO:hla-drb1*08:02-protein-complex,415
MRO:hla-dqb1*03:01-protein-complex,317
MRO:hla-a*02:16-protein-complex,535
MRO:hla-protein-complex-with-b49-serotype,288
MRO:hla-dqa1*02:01-dqb1*02:01-protein-complex,102
MRO:hla-b*41:02-protein-complex,31
MRO:ela-protein-complex-with-a7-haplotype,531
MRO:hla-dpb1*05:01-protein-complex,71
MRO:hla-drb1*03:11-protein-complex,62
MRO:papa-a*06:01-protein-complex,396
MRO:hla-a*24:07-protein-complex,217
MRO:bola-6*01301-protein-complex,489
MRO:hla-drb1*01:07-protein-complex,56
MRO:hla-a*69:01-protein-complex,232
MRO:hla-protein-complex-with-b60-serotype,297
MRO:hla-dqa1*05:01-protein-complex,313
MRO:hla-protein-complex-with-b39-serotype,284
MRO:hla-dpb1*31:01-protein-complex,839
MRO:hla-a*30:02-protein-complex,224
MRO:hla-drb1*15:02-protein-complex,437
MRO:hla-drb1*03:05-protein-complex,61
MRO:rt1-protein-complex-with-rt11-haplotype,478
MRO:hla-protein-complex-with-a29-serotype,241
MRO:hla-b*81:01-protein-complex,842
MRO:patr-b*16:02-protein-complex,452
MRO:hla-drb1*16:01-protein-complex,355
MRO:hla-b*44:27-protein-complex,745
MRO:hla-dra*01:01-drb5*01:01-protein-complex,487
MRO:hla-a*30:03-protein-complex,775
MRO:bola-3*00201-protein-complex,698
MRO:bola-2*01801-protein-complex,696
MRO:hla-a*23:01-protein-complex,214
MRO:hla-c*06:02-protein-complex,311
MRO:hla-c*04:01-protein-complex,629
MRO:hla-protein-complex-with-bw4-serotype,302
MRO:hla-protein-complex-with-b40-serotype,285
MRO:hla-b*15:16-protein-complex,264
MRO:hla-b*13:02-protein-complex,255
MRO:hla-drb5*02:02-protein-complex,562
MRO:hla-protein-complex-with-a23-serotype,236
MRO:hla-dqa1*03:01-dqb1*03:01-protein-complex,104
MRO:hla-drb1*04:08-protein-complex,411
MRO:hla-a*33:01-protein-complex,226
MRO:hla-protein-complex-with-b51-serotype,290
MRO:hla-a*01:01-protein-complex,142
MRO:hla-protein-complex-with-dq8-serotype,91
MRO:hla-drb3*02:02-protein-complex,360
MRO:mamu-drb1*03:03-protein-complex,715
MRO:hla-b*42:01-protein-complex,32
MRO:hla-drb1*04:02-protein-complex,64
MRO:mouse-mr1-protein-complex,766
MRO:chicken-cd1-2-protein-complex,681
MRO:hla-protein-complex-with-b54-serotype,293
MRO:hla-a*02:01-k66a-mutant,651
MRO:hla-dqa1*03:01-protein-complex,774
MRO:hla-a*80:01-protein-complex,538
MRO:hla-protein-complex-with-a74-serotype,572
MRO:hla-b*44:28-protein-complex,850
MRO:hla-b*39:01-protein-complex,24
MRO:hla-dpa1*02:01-protein-complex,21
MRO:hla-dpa1*01:03-protein-complex,18
MRO:hla-b*40:02-protein-complex,29
MRO:hla-dpa1*01:03-dpb1*04:01-protein-complex,522
MRO:patr-drb5*03:10-protein-complex,477
MRO:hla-dpa1*03:01-dpb1*04:02-protein-complex,648
MRO:hla-dpb1*01:01-protein-complex,65
MRO:hla-dpb1*14:01-protein-complex,656
MRO:hla-dpa1*01:03-dpb1*02:01-protein-complex,19
MRO:hla-b*45:01-protein-complex,36
MRO:patr-b*03:01-protein-complex,704
MRO:hla-dqb1*03:02-protein-complex,318
MRO:hla-dqb1*05:01-protein-complex,321
MRO:hla-protein-complex-with-dr52-serotype,345
MRO:hla-a*02:04-protein-complex,202
MRO:hla-dqa1*01:02-dqb1*03:01-protein-complex,658
MRO:hla-dpb1*34:01-protein-complex,78
MRO:yf1w*7.1-protein-complex,709
MRO:hla-b*27:10-protein-complex,194
MRO:hla-b*08:01-protein-complex,252
MRO:hla-e*01:03-protein-complex,566
MRO:hla-drb1*01:01-d57v-mutant,654
MRO:hla-protein-complex-with-dr10-serotype,328
MRO:hla-b*42:0-protein-complex,843
MRO:patr-a*07:01-protein-complex,438
MRO:hla-a*32:07-protein-complex,635
"MRO:h-2-kb-y22f,-m23i,-e24s,-d30n-mutant",123
MRO:hla-protein-complex-with-dq5-serotype,88
"MRO:h-2-iab-i67f,-r70q,-t71k-mutant",182
MRO:hla-protein-complex-with-b81-serotype,576
MRO:hla-b*48:01-protein-complex,540
MRO:hla-drb4*01:01-protein-complex,363
MRO:human-btn3a1-protein-complex,756
MRO:hla-b*14:02-protein-complex,256
MRO:hla-b*13:01-protein-complex,817
MRO:hla-b*15:17-protein-complex,184
MRO:hla-dqa1*01:04-dqb1*05:03-protein-complex,100
MRO:hla-protein-complex-with-b55-serotype,294
MRO:patr-b*03:02-protein-complex,705
MRO:hla-protein-complex-with-dr53-serotype,347
MRO:hla-drb1*13:15-protein-complex,429
MRO:hla-drb1*16:02-protein-complex,356
MRO:hla-dra*01:01-drb1*08:01-protein-complex,50
MRO:hla-c*15:02-protein-complex,8
MRO:bola-2*01201-protein-complex,490
MRO:hla-b*27:04-protein-complex,189
MRO:hla-dpb1*04:01-protein-complex,69
MRO:hla-b*55:01-protein-complex,265
MRO:bola-1*02301-protein-complex,699
MRO:h-2-db-q70h-mutant,519
MRO:hla-protein-complex-with-b45-serotype,575
"MRO:hla-b*35:08-q65a,-t69a,-q155a-mutant",682
MRO:hla-dqb1*06:01-protein-complex,322
MRO:hla-a*29:02-protein-complex,222
"MRO:hla-drb1*04:01-q110n,-k139t-mutant",567
MRO:hla-protein-complex-with-a30-serotype,244
MRO:hla-dqa1*01:02-dqb1*06:04-protein-complex,97
MRO:hla-b*54:01-protein-complex,45
MRO:hla-drb1*15:01-protein-complex,436
MRO:hla-a*25:01-protein-complex,514
MRO:hla-drb1*13:05-protein-complex,428
MRO:hla-dpb1*16:01-protein-complex,547
MRO:hla-b*41:04-protein-complex,693
MRO:hla-b*15:01-protein-complex,257
MRO:hla-protein-complex-with-dq2-serotype,86
MRO:hla-protein-complex-with-b41-serotype,561
"MRO:h-2-db-l114q,-f116y,-e119d-mutant",550
MRO:hla-protein-complex-with-dq6-serotype,89
MRO:hla-b*41:03-protein-complex,692
MRO:hla-dqa1*03:01-dqb1*04:01-protein-complex,106
MRO:hla-a*02:02-protein-complex,200
MRO:hla-b*51:03-protein-complex,836
MRO:hla-protein-complex-with-dr9-serotype,353
MRO:hla-a*02:03-protein-complex,201
MRO:hla-a*03:02-protein-complex,212
MRO:hla-dqb1*06:03-protein-complex,324
MRO:hla-dqb1*02:01-protein-complex,316
MRO:hla-drb1*13:01-protein-complex,424
MRO:hla-dra*01:01-drb3*03:01-protein-complex,758
MRO:hla-a*02:01-t163a-mutant,665
MRO:bola-1*02101-protein-complex,508
MRO:hla-b*37:01-protein-complex,22
MRO:hla-dqb1*03:03-protein-complex,542
MRO:hla-drb1*14:10-protein-complex,435
MRO:patr-c*05:02-protein-complex,460
MRO:hla-b*44:01-protein-complex,737
MRO:hla-protein-complex-with-b47-serotype,287
MRO:ela-protein-complex-with-a5-haplotype,160
MRO:hla-protein-complex-with-a25-serotype,238
MRO:hla-protein-complex-with-b58-serotype,296
MRO:eqca-n*00602-protein-complex,727
MRO:hla-a*33:03-protein-complex,227
MRO:hla-drb1*11:02-protein-complex,420
MRO:hla-dpa1*02:02-dpb1*05:01-protein-complex,795
MRO:hla-protein-complex-with-b8-serotype,301
MRO:hla-protein-complex-with-cw4-serotype,13
MRO:hla-dqb1*03:05-protein-complex,838
MRO:hla-c*08:01-protein-complex,5
MRO:ela-protein-complex-with-a9-haplotype,162
MRO:mamu-drb1*03:06-protein-complex,716
MRO:hla-dpb1*20:01-protein-complex,77
MRO:hla-dra*01:01-drb4*01:03-protein-complex,759
MRO:hla-protein-complex-with-dpw2-serotype,79
MRO:cattle-mr1-protein-complex,767
MRO:hla-c*12:02-protein-complex,582
MRO:mamu-drb1*04:06-protein-complex,395
MRO:hla-protein-complex-with-dq3-serotype,87
MRO:hla-protein-complex-with-cw3-serotype,12
MRO:hla-dra*01:01-drb1*07:01-protein-complex,49
MRO:patr-a*03:01-protein-complex,398
MRO:hla-a*02:01-w167a-mutant,662
MRO:patr-b*23:02-protein-complex,456
MRO:hla-b*50:01-protein-complex,39
MRO:hla-b*40:13-protein-complex,641
MRO:hla-b*35:14-protein-complex,199
MRO:hla-b*73:01-protein-complex,272
MRO:ela-protein-complex-with-w11-haplotype,163
MRO:hla-a*68:23-protein-complex,637
MRO:ela-protein-complex-with-a8-haplotype,532
MRO:h-2-qa1-protein-complex,133
MRO:hla-b*15:25-protein-complex,765
MRO:hla-b*57:01-protein-complex,268
MRO:hla-dqb1*05:02-protein-complex,818
MRO:hla-protein-complex-with-a3-serotype,242
MRO:hla-a*02:20-protein-complex,676
MRO:hla-b*27:05-l81a-mutant,679
MRO:patr-b*02:01-protein-complex,443
MRO:hla-drb5*01:02-protein-complex,369
MRO:hla-dpb1*02:01-protein-complex,67
MRO:hla-dqa1*03:02-dqb1*03:03-protein-complex,107
MRO:bola-dqa*0301-protein-complex,148
MRO:hla-b*38:02-protein-complex,714
MRO:hla-protein-complex-with-a26-serotype,239
MRO:hla-dqb1*06:09-protein-complex,587
MRO:hla-b*15:08-protein-complex,260
MRO:patr-c*04:01-protein-complex,459
MRO:hla-drb1*12:02-protein-complex,755
MRO:hla-drb1*14:01-protein-complex,430
MRO:hla-drb1*08:18-protein-complex,700
MRO:hla-protein-complex-with-dr4-serotype,341
"MRO:h-2-dd-r155y,-d156y,-r169h-mutant",686
MRO:hla-b*27:09-protein-complex,193
MRO:hla-b*27:06-protein-complex,191
MRO:hla-protein-complex-with-dr11-serotype,330
MRO:hla-dra*01:01-drb1*04:01-protein-complex,47
MRO:hla-protein-complex-with-b14-serotype,275
MRO:hla-drb4*01:02-protein-complex,364
MRO:hla-dpb1*23:01-protein-complex,837
MRO:hla-drb1*13:04-protein-complex,427
"MRO:h-2-kb-d77s,-k89a-mutant",569
MRO:bola-dqa*0202-protein-complex,147
MRO:mouse-cd1d-protein-complex,666
MRO:hla-drb1*04:04-protein-complex,407
MRO:hla-drb1*11:01-protein-complex,419
MRO:hla-dra*01:01-drb1*01:01-c30s-mutant,782
MRO:hla-protein-complex-with-a1-serotype,233
MRO:hla-drb1*15:03-protein-complex,354
MRO:hla-protein-complex-with-cw2-serotype,578
MRO:hla-dpb1*17:01-protein-complex,76
MRO:hla-a*11:01-protein-complex,213
MRO:hla-dpa1*02:01-dpb1*05:01-protein-complex,647
MRO:hla-a*02:11-protein-complex,207
MRO:hla-c*03:04-protein-complex,308
MRO:hla-drb1*09:01-protein-complex,417
MRO:hla-b*58:01-protein-complex,270
MRO:hla-drb1*08:03-protein-complex,416
MRO:hla-protein-complex-with-a11-serotype,234
MRO:hla-c*12:03-protein-complex,798
MRO:hla-protein-complex-with-b13-serotype,274
MRO:hla-b*41:06-protein-complex,695
"MRO:h-2-iek-alpha-e11q,-d66n-mutant",660
MRO:hla-protein-complex-with-cw15-serotype,577
MRO:hla-b*39:06-protein-complex,25
MRO:hla-dra*01:01-drb1*14:54-protein-complex,779
MRO:hla-protein-complex-with-a34-serotype,571
MRO:hla-drb3*03:01-protein-complex,361
MRO:hla-protein-complex-with-a31-serotype,245
MRO:hla-dpb1*04:02-protein-complex,70
MRO:hla-a*02:01-q155a-mutant,664
MRO:patr-b*16:01-protein-complex,451
MRO:hla-b*83:01-protein-complex,633
MRO:hla-protein-complex-with-b27-serotype,280
MRO:hla-a*26:01-protein-complex,218
MRO:hla-protein-complex-with-cw6-serotype,14
MRO:hla-protein-complex-with-b61-serotype,298
MRO:hla-protein-complex-with-b37-serotype,282
MRO:hla-dqa1*05:01-dqb1*03:02-protein-complex,710
MRO:hla-protein-complex-with-cw12-serotype,10
MRO:hla-protein-complex-with-b35-serotype,281
MRO:hla-b*44:03-protein-complex,34
MRO:hla-protein-complex-with-dq7-serotype,90
MRO:hla-b*51:01-protein-complex,40
MRO:hla-drb1*03:01-protein-complex,57
MRO:hla-dqb1*04:01-protein-complex,319
MRO:hla-drb1*14:05-protein-complex,433
MRO:hla-protein-complex-with-dr13-serotype,333
MRO:hla-dpb1*03:01-protein-complex,68
MRO:hla-dra*01:01-drb1*13:02-protein-complex,760
MRO:hla-drb1*14:09-protein-complex,434
MRO:hla-b*35:08-protein-complex,198
MRO:hla-b*57:03-protein-complex,643
MRO:hla-dra*01:01-drb4*01:01-protein-complex,762
MRO:mamu-drb*w2:01-protein-complex,394
MRO:hla-protein-complex-with-b18-serotype,279
MRO:hla-dqa1*05:01-dqb1*02:01-protein-complex,314
MRO:hla-drb1*14:02-protein-complex,431
MRO:hla-drb1*07:03-protein-complex,595
MRO:hla-dpb1*02:01-e69k-mutant,794
MRO:hla-a*02:10-protein-complex,533
MRO:hla-dqa1*01:03-dqb1*06:03-protein-complex,511
MRO:hla-protein-complex-with-b62-serotype,299
MRO:hla-b*27:05-protein-complex,190
MRO:bola-2*02201-protein-complex,509
MRO:hla-b*44:02-protein-complex,33
MRO:hla-protein-complex-with-b44-serotype,286
MRO:hla-b*39:05-protein-complex,541
MRO:hla-dqa1*02:01-dqb1*02:02-protein-complex,103
MRO:hla-b*40:06-protein-complex,30
MRO:patr-a*04:02-protein-complex,401
MRO:hla-drb1*04:07-protein-complex,410
MRO:hla-b*46:01-protein-complex,37
MRO:patr-c*02:03-protein-complex,458
MRO:hla-b*58:02-protein-complex,271
MRO:hla-dpb1*13:01-protein-complex,75
MRO:hla-protein-complex-with-a32-serotype,246
MRO:hla-dpa1*01:03-dpb1*04:02-protein-complex,646
MRO:hla-e*01:01-protein-complex,372
MRO:hla-a*74:01-protein-complex,638
MRO:hla-b*27:03-protein-complex,188
MRO:bola-3*00101-protein-complex,491
MRO:hla-drb1*01:01-d57a-mutant,652
MRO:hla-drb1*14:04-protein-complex,432
MRO:human-cd1a-protein-complex,153
MRO:hla-protein-complex-with-dr6-serotype,349
MRO:hla-b*41:01-protein-complex,691
MRO:hla-protein-complex-with-dr12-serotype,331
MRO:hla-b*08:02-protein-complex,253
MRO:hla-c*14:02-protein-complex,7
MRO:hla-protein-complex-with-b12-serotype,273
MRO:hla-protein-complex-with-cw8-serotype,16
MRO:hla-a*68:02-protein-complex,231
MRO:hla-drb1*13:02-protein-complex,425
MRO:hla-c*02:02-protein-complex,306
MRO:hla-a*30:04-protein-complex,776
MRO:hla-a*24:13-protein-complex,841
MRO:hla-b*15:42-protein-complex,639
MRO:human-mr1-protein-complex,738
MRO:hla-dqa1*04:01-dqb1*04:02-protein-complex,108
MRO:hla-dqa1*05:01-dqb1*03:01-protein-complex,315
MRO:hla-a*02:17-protein-complex,590
MRO:hla-dqb1*02:02-protein-complex,515
MRO:hla-dpb1*09:01-protein-complex,73
MRO:hla-c*07:01-protein-complex,1
MRO:hla-dra*01:01-drb3*01:01-protein-complex,781
"MRO:hla-a*02:01-k66a,-e63q-mutant",657
MRO:hla-b*27:02-protein-complex,187
MRO:hla-dpb1*11:01-protein-complex,74
MRO:hla-c*08:02-protein-complex,6
MRO:hla-dra*01:01-drb1*04:04-protein-complex,48
MRO:hla-a*32:05-protein-complex,786
MRO:patr-a*14:01-protein-complex,441
MRO:hla-dqb*03:02-protein-complex,844
MRO:hla-c*01:02-protein-complex,305
MRO:hla-dqa1*03:01-dqb1*03:02-protein-complex,105
MRO:hla-protein-complex-with-cw16-serotype,11
MRO:hla-drb1*08:01-protein-complex,414
MRO:hla-dra*01:01-drb1*01:01-g86y-mutant,677
MRO:hla-b*35:03-protein-complex,197
MRO:hla-dqa1*01:03-dqb1*06:01-protein-complex,99
MRO:hla-protein-complex-with-b53-serotype,292
MRO:hla-c*03:03-protein-complex,307
MRO:hla-b*08:03-protein-complex,539
MRO:chicken-cd1-1-protein-complex,667
MRO:hla-protein-complex-with-dq1-serotype,84
MRO:hla-a*02:01-protein-complex,143
MRO:hla-a*02:12-protein-complex,534
MRO:hla-protein-complex-with-b42-serotype,574
MRO:hla-b*40:01-protein-complex,28
MRO:patr-b*01:01-protein-complex,442
MRO:mamu-drb1*03:08-protein-complex,717
MRO:patr-a*06:01-protein-complex,404
MRO:hla-protein-complex-with-dpw5-serotype,82
MRO:cattle-cd1d-protein-complex,748
MRO:hla-protein-complex-with-cw7-serotype,15
MRO:hla-b*15:09-protein-complex,261
MRO:hla-drb3*02:01-protein-complex,359
MRO:h-2-kk-d152a-mutant,552
"MRO:hla-drb1*01:01-d57a,-y60h-mutant",653
MRO:hla-protein-complex-with-b50-serotype,289
MRO:human-cd1b-protein-complex,154
MRO:hla-protein-complex-with-dpw4-serotype,81
MRO:hla-drb1*13:03-protein-complex,426
MRO:hla-c*07:04-protein-complex,4
MRO:hla-b*57:01-i80t-mutant,788
MRO:hla-protein-complex-with-b52-serotype,291
MRO:hla-dqa1*01:02-dqb1*05:02-protein-complex,95
MRO:hla-dqb1*05:03-protein-complex,770
MRO:hla-a*02:07-protein-complex,205
MRO:hla-b*53:01-protein-complex,44
MRO:hla-b*35:06-protein-complex,846
MRO:bola-6*04101-protein-complex,790
MRO:hla-dra*01:01-drb1*09:01-protein-complex,780
MRO:hla-a*31:01-protein-complex,225
MRO:hla-drb1*07:01-protein-complex,413
MRO:hla-a*03:01-protein-complex,211
MRO:hla-a*02:06-protein-complex,204
MRO:hla-dqa1*05:05-dqb1*03:01-protein-complex,524
MRO:patr-b*14:01-protein-complex,449
MRO:patr-drb1*07:01-protein-complex,475
MRO:patr-drb1*10:01-protein-complex,476
MRO:hla-b*08:01-b:i66a-mutant,723
MRO:mamu-dpb1*01:01-protein-complex,617
MRO:hla-dra*01:01-drb3*02:02-protein-complex,763
MRO:hla-drb1*10:01-protein-complex,418
MRO:hla-b*15:03-protein-complex,259
MRO:hla-drb3*01:01-protein-complex,358
MRO:patr-b*23:01-protein-complex,455
MRO:hla-b*49:01-protein-complex,38
MRO:hla-dqa1*02:01-dqb1*03:03-protein-complex,722
MRO:patr-b*09:01-protein-complex,446
MRO:hla-b*45:06-protein-complex,642
MRO:hla-drb5*01:01-protein-complex,368
MRO:hla-dqa1*03:02-dqb1*03:01-protein-complex,853
MRO:patr-b*20:01-protein-complex,454
MRO:hla-a*24:06-protein-complex,840
MRO:hla-a*03:19-protein-complex,634
MRO:hla-dqb1*06:04-protein-complex,325
MRO:hla-b*44:08-protein-complex,783
MRO:hla-dqb1*06:02-protein-complex,323
MRO:hla-drb1*04:10-protein-complex,412
MRO:patr-a*09:01-protein-complex,439
MRO:hla-a*32:01-protein-complex,544
MRO:hla-drb1*03:03-protein-complex,59
MRO:hla-c*07:02-protein-complex,3
MRO:hla-b*15:10-protein-complex,262
MRO:hla-a*02:01-a150p-mutant,703
MRO:hla-dpa1*01:03-dpb1*03:01-protein-complex,20
MRO:hla-dqa1*01:01-dqb1*05:03-protein-complex,591
MRO:hla-a*02:19-protein-complex,536
MRO:hla-b*35:04-protein-complex,845
MRO:hla-a*11:02-protein-complex,604
MRO:hla-a*02:09-protein-complex,206
MRO:hla-dra*01:01-f54c-mutant-drb1*01:01,747
MRO:hla-protein-complex-with-b17-serotype,278
MRO:hla-b*08:01-n80i-mutant,816
MRO:hla-protein-complex-with-b63-serotype,594
MRO:hla-protein-complex-with-cw1-serotype,675
MRO:hla-protein-complex-with-a24-serotype,237
MRO:hla-drb1*08:20-protein-complex,772
MRO:hla-b*14:03-protein-complex,768
MRO:hla-a*02:08-protein-complex,603
MRO:hla-dqa1*03:02-dqb1*04:01-protein-complex,602
MRO:patr-b*17:01-protein-complex,453
MRO:hla-drb1*04:05-protein-complex,408
MRO:hla-drb1*04:01-protein-complex,63
MRO:hla-dqa1*01:02-dqb1*06:02-protein-complex,96
MRO:hla-b*41:05-protein-complex,694
MRO:hla-b*67:01-protein-complex,581
MRO:hla-a*66:01-protein-complex,229
MRO:hla-b*51:02-protein-complex,41
MRO:hla-a*24:02-protein-complex,215
MRO:patr-b*05:01-protein-complex,445
MRO:human-cd1c-protein-complex,155
MRO:hla-a*26:02-protein-complex,219
MRO:patr-a*11:01-protein-complex,440
MRO:hla-b*57:01-i80n-mutant,815
MRO:human-mr1-k43a-mutant-protein-complex,785
MRO:ela-protein-complex-with-a1-haplotype,157
MRO:hla-protein-complex-with-dr17-serotype,338
MRO:hla-dqa1*02:01-protein-complex,101
MRO:hla-a*26:03-protein-complex,220
MRO:hla-g*01:01-protein-complex,374
MRO:hla-protein-complex-with-a80-serotype,573
MRO:hla-drb1*13:68-protein-complex,520
MRO:hla-dqa1*01:02-protein-complex,94
MRO:hla-dra*01:01-drb1*13:01-protein-complex,761
MRO:h-2-lq-protein-complex,127
MRO:hla-b*52:01-protein-complex,43
MRO:hla-b*38:01-protein-complex,23
MRO:hla-drb1*03:04-protein-complex,60
MRO:hla-drb1*01:03-protein-complex,54
MRO:hla-drb1*14:54-protein-complex,750
MRO:h-2-kb-v9w-mutant,689
MRO:hla-dpb1*06:01-protein-complex,72
MRO:hla-drb1*01:04-protein-complex,55
MRO:hla-protein-complex-with-a33-serotype,247
MRO:hla-drb1*11:04-protein-complex,422
